target_date,vintage,generated_at,analog_date,analog_date_2,hour,predicted_lmp,p10,p90,analog_lmp,analog_lmp_2,band_err,backfilled
2026-09-24,pre_dam,2026-09-23T13:01:49.270919+00:00,2025-10-01,2025-10-02,1,29.74,26.23,33.52,25.87,28.49,2.8,False
2026-09-24,pre_dam,2026-09-23T13:01:49.270919+00:00,2025-10-01,2025-10-02,2,29.98,26.5,32.71,23.75,28.03,2.83,False
2026-09-24,pre_dam,2026-09-23T13:01:49.270919+00:00,2025-10-01,2025-10-02,3,29.48,26.46,32.41,23.41,27.95,2.85,False
2026-09-24,pre_dam,2026-09-23T13:01:49.270919+00:00,2025-10-01,2025-10-02,4,28.72,26.25,32.41,23.17,32.12,2.45,False
2026-09-24,pre_dam,2026-09-23T13:01:49.270919+00:00,2025-10-01,2025-10-02,5,34.41,28.91,34.41,30.43,35.39,2.59,False
2026-09-24,pre_dam,2026-09-23T13:01:49.270919+00:00,2025-10-01,2025-10-02,6,37.52,31.98,37.52,38.94,40.04,3.97,False
2026-09-24,pre_dam,2026-09-23T13:01:49.270919+00:00,2025-10-01,2025-10-02,7,48.83,37.56,53.9,62.67,51.37,5.66,False
2026-09-24,pre_dam,2026-09-23T13:01:49.270919+00:00,2025-10-01,2025-10-02,8,48.49,37.44,51.66,64.88,43.39,4.86,False
2026-09-24,pre_dam,2026-09-23T13:01:49.270919+00:00,2025-10-01,2025-10-02,9,38.92,35.04,41.39,34.62,34.11,6.04,False
2026-09-24,pre_dam,2026-09-23T13:01:49.270919+00:00,2025-10-01,2025-10-02,10,34.95,34.02,37.74,33.72,44.45,5.63,False
2026-09-24,pre_dam,2026-09-23T13:01:49.270919+00:00,2025-10-01,2025-10-02,11,34.93,33.48,37.9,31.76,40.94,6.19,False
2026-09-24,pre_dam,2026-09-23T13:01:49.270919+00:00,2025-10-01,2025-10-02,12,34.93,33.42,37.58,34.21,47.89,6.0,False
2026-09-24,pre_dam,2026-09-23T13:01:49.270919+00:00,2025-10-01,2025-10-02,13,35.31,34.43,37.8,34.78,50.5,7.55,False
2026-09-24,pre_dam,2026-09-23T13:01:49.270919+00:00,2025-10-01,2025-10-02,14,36.93,34.54,39.47,34.53,55.61,7.04,False
2026-09-24,pre_dam,2026-09-23T13:01:49.270919+00:00,2025-10-01,2025-10-02,15,36.56,35.22,40.66,35.12,55.08,7.16,False
2026-09-24,pre_dam,2026-09-23T13:01:49.270919+00:00,2025-10-01,2025-10-02,16,39.37,35.61,44.02,37.02,65.25,7.9,False
2026-09-24,pre_dam,2026-09-23T13:01:49.270919+00:00,2025-10-01,2025-10-02,17,46.2,40.39,50.59,54.88,64.79,8.98,False
2026-09-24,pre_dam,2026-09-23T13:01:49.270919+00:00,2025-10-01,2025-10-02,18,55.23,48.17,56.54,73.92,81.54,7.51,False
2026-09-24,pre_dam,2026-09-23T13:01:49.270919+00:00,2025-10-01,2025-10-02,19,59.98,49.57,59.98,76.18,76.69,6.56,False
2026-09-24,pre_dam,2026-09-23T13:01:49.270919+00:00,2025-10-01,2025-10-02,20,54.88,45.76,55.95,58.35,62.61,6.5,False
2026-09-24,pre_dam,2026-09-23T13:01:49.270919+00:00,2025-10-01,2025-10-02,21,45.16,38.62,48.97,47.64,41.31,7.32,False
2026-09-24,pre_dam,2026-09-23T13:01:49.270919+00:00,2025-10-01,2025-10-02,22,40.85,35.49,44.88,37.13,38.11,3.72,False
2026-09-24,pre_dam,2026-09-23T13:01:49.270919+00:00,2025-10-01,2025-10-02,23,36.93,33.35,38.3,33.28,35.35,2.89,False
2026-09-24,pre_dam,2026-09-23T13:01:49.270919+00:00,2025-10-01,2025-10-02,24,35.32,32.9,37.81,32.24,34.74,3.67,False
2026-09-25,pre_dam,2026-09-24T13:01:36.536885+00:00,2025-10-03,2025-08-27,1,33.43,30.39,34.17,31.63,26.96,2.82,False
2026-09-25,pre_dam,2026-09-24T13:01:36.536885+00:00,2025-10-03,2025-08-27,2,33.62,30.4,34.22,32.37,23.9,2.9,False
2026-09-25,pre_dam,2026-09-24T13:01:36.536885+00:00,2025-10-03,2025-08-27,3,33.59,29.8,34.15,31.31,20.16,2.73,False
2026-09-25,pre_dam,2026-09-24T13:01:36.536885+00:00,2025-10-03,2025-08-27,4,33.88,29.77,34.4,30.95,20.25,2.36,False
2026-09-25,pre_dam,2026-09-24T13:01:36.536885+00:00,2025-10-03,2025-08-27,5,34.89,31.18,36.1,32.98,24.36,2.13,False
2026-09-25,pre_dam,2026-09-24T13:01:36.536885+00:00,2025-10-03,2025-08-27,6,39.75,35.61,47.84,45.3,30.42,3.87,False
2026-09-25,pre_dam,2026-09-24T13:01:36.536885+00:00,2025-10-03,2025-08-27,7,43.1,36.82,53.63,56.96,34.64,5.43,False
2026-09-25,pre_dam,2026-09-24T13:01:36.536885+00:00,2025-10-03,2025-08-27,8,41.48,36.82,51.13,57.61,44.55,4.89,False
2026-09-25,pre_dam,2026-09-24T13:01:36.536885+00:00,2025-10-03,2025-08-27,9,38.62,35.56,43.39,40.3,44.15,5.61,False
2026-09-25,pre_dam,2026-09-24T13:01:36.536885+00:00,2025-10-03,2025-08-27,10,37.38,35.16,41.39,41.75,37.02,5.27,False
2026-09-25,pre_dam,2026-09-24T13:01:36.536885+00:00,2025-10-03,2025-08-27,11,37.3,34.52,41.39,49.38,34.69,5.5,False
2026-09-25,pre_dam,2026-09-24T13:01:36.536885+00:00,2025-10-03,2025-08-27,12,36.7,35.6,42.29,43.89,34.69,5.21,False
2026-09-25,pre_dam,2026-09-24T13:01:36.536885+00:00,2025-10-03,2025-08-27,13,38.07,35.91,42.61,43.64,35.37,5.79,False
2026-09-25,pre_dam,2026-09-24T13:01:36.536885+00:00,2025-10-03,2025-08-27,14,38.39,36.5,43.89,52.46,36.37,5.6,False
2026-09-25,pre_dam,2026-09-24T13:01:36.536885+00:00,2025-10-03,2025-08-27,15,39.09,35.48,45.59,45.0,38.34,6.09,False
2026-09-25,pre_dam,2026-09-24T13:01:36.536885+00:00,2025-10-03,2025-08-27,16,39.35,35.77,45.96,55.68,40.23,6.91,False
2026-09-25,pre_dam,2026-09-24T13:01:36.536885+00:00,2025-10-03,2025-08-27,17,48.22,39.59,53.44,76.44,43.32,7.2,False
2026-09-25,pre_dam,2026-09-24T13:01:36.536885+00:00,2025-10-03,2025-08-27,18,53.73,45.42,55.37,103.04,47.08,8.52,False
2026-09-25,pre_dam,2026-09-24T13:01:36.536885+00:00,2025-10-03,2025-08-27,19,57.17,49.87,61.44,101.82,47.42,7.69,False
2026-09-25,pre_dam,2026-09-24T13:01:36.536885+00:00,2025-10-03,2025-08-27,20,53.71,45.55,58.58,71.18,46.44,7.91,False
2026-09-25,pre_dam,2026-09-24T13:01:36.536885+00:00,2025-10-03,2025-08-27,21,42.58,38.02,51.09,50.25,38.94,6.97,False
2026-09-25,pre_dam,2026-09-24T13:01:36.536885+00:00,2025-10-03,2025-08-27,22,38.2,34.04,41.41,37.07,31.82,3.85,False
2026-09-25,pre_dam,2026-09-24T13:01:36.536885+00:00,2025-10-03,2025-08-27,23,34.87,33.02,38.43,33.47,31.01,2.51,False
2026-09-25,pre_dam,2026-09-24T13:01:36.536885+00:00,2025-10-03,2025-08-27,24,34.02,31.89,38.28,31.48,29.29,3.15,False
2026-09-26,pre_dam,2026-09-25T13:01:38.315251+00:00,2025-09-07,2025-09-06,1,33.8,31.22,38.45,29.17,19.77,2.58,False
2026-09-26,pre_dam,2026-09-25T13:01:38.315251+00:00,2025-09-07,2025-09-06,2,32.34,29.51,36.54,28.39,24.17,2.79,False
2026-09-26,pre_dam,2026-09-25T13:01:38.315251+00:00,2025-09-07,2025-09-06,3,29.41,28.19,35.69,28.12,20.74,2.43,False
2026-09-26,pre_dam,2026-09-25T13:01:38.315251+00:00,2025-09-07,2025-09-06,4,29.87,28.18,35.25,23.5,19.89,1.92,False
2026-09-26,pre_dam,2026-09-25T13:01:38.315251+00:00,2025-09-07,2025-09-06,5,31.35,28.02,36.19,27.29,23.8,2.23,False
2026-09-26,pre_dam,2026-09-25T13:01:38.315251+00:00,2025-09-07,2025-09-06,6,36.98,28.08,40.82,24.68,26.18,4.03,False
2026-09-26,pre_dam,2026-09-25T13:01:38.315251+00:00,2025-09-07,2025-09-06,7,40.31,31.54,44.44,30.6,27.85,4.52,False
2026-09-26,pre_dam,2026-09-25T13:01:38.315251+00:00,2025-09-07,2025-09-06,8,38.22,32.92,43.96,33.71,30.65,4.29,False
2026-09-26,pre_dam,2026-09-25T13:01:38.315251+00:00,2025-09-07,2025-09-06,9,38.03,32.92,43.12,33.59,33.56,4.65,False
2026-09-26,pre_dam,2026-09-25T13:01:38.315251+00:00,2025-09-07,2025-09-06,10,34.44,32.23,36.53,30.89,33.62,4.69,False
2026-09-26,pre_dam,2026-09-25T13:01:38.315251+00:00,2025-09-07,2025-09-06,11,33.13,32.36,35.83,32.43,36.83,5.43,False
2026-09-26,pre_dam,2026-09-25T13:01:38.315251+00:00,2025-09-07,2025-09-06,12,33.1,32.79,36.6,35.4,40.01,5.3,False
2026-09-26,pre_dam,2026-09-25T13:01:38.315251+00:00,2025-09-07,2025-09-06,13,33.99,33.14,37.21,32.41,40.02,5.97,False
2026-09-26,pre_dam,2026-09-25T13:01:38.315251+00:00,2025-09-07,2025-09-06,14,33.59,33.54,37.24,31.55,40.06,5.91,False
2026-09-26,pre_dam,2026-09-25T13:01:38.315251+00:00,2025-09-07,2025-09-06,15,34.06,32.86,35.66,31.2,37.65,6.5,False
2026-09-26,pre_dam,2026-09-25T13:01:38.315251+00:00,2025-09-07,2025-09-06,16,37.1,33.16,39.95,32.88,39.88,6.09,False
2026-09-26,pre_dam,2026-09-25T13:01:38.315251+00:00,2025-09-07,2025-09-06,17,43.3,37.03,48.48,36.46,44.24,7.59,False
2026-09-26,pre_dam,2026-09-25T13:01:38.315251+00:00,2025-09-07,2025-09-06,18,50.79,42.79,52.87,48.93,51.83,7.76,False
2026-09-26,pre_dam,2026-09-25T13:01:38.315251+00:00,2025-09-07,2025-09-06,19,52.68,44.84,58.6,64.85,57.96,7.29,False
2026-09-26,pre_dam,2026-09-25T13:01:38.315251+00:00,2025-09-07,2025-09-06,20,47.09,41.29,50.71,64.35,46.69,7.01,False
2026-09-26,pre_dam,2026-09-25T13:01:38.315251+00:00,2025-09-07,2025-09-06,21,40.94,35.13,46.88,63.93,41.35,6.42,False
2026-09-26,pre_dam,2026-09-25T13:01:38.315251+00:00,2025-09-07,2025-09-06,22,36.27,31.81,40.21,41.82,36.7,3.58,False
2026-09-26,pre_dam,2026-09-25T13:01:38.315251+00:00,2025-09-07,2025-09-06,23,35.06,31.87,38.2,29.67,33.89,2.68,False
2026-09-26,pre_dam,2026-09-25T13:01:38.315251+00:00,2025-09-07,2025-09-06,24,31.53,29.32,37.73,30.76,28.21,3.59,False
2026-09-27,pre_dam,2026-09-26T13:01:29.482567+00:00,2025-10-12,2025-09-06,1,29.25,27.03,34.49,57.67,19.77,2.59,False
2026-09-27,pre_dam,2026-09-26T13:01:29.482567+00:00,2025-10-12,2025-09-06,2,29.99,24.34,34.07,37.91,24.17,2.63,False
2026-09-27,pre_dam,2026-09-26T13:01:29.482567+00:00,2025-10-12,2025-09-06,3,30.38,25.53,34.72,34.96,20.74,2.33,False
2026-09-27,pre_dam,2026-09-26T13:01:29.482567+00:00,2025-10-12,2025-09-06,4,28.35,23.3,33.42,34.97,19.89,1.97,False
2026-09-27,pre_dam,2026-09-26T13:01:29.482567+00:00,2025-10-12,2025-09-06,5,27.96,23.32,33.75,37.14,23.8,2.33,False
2026-09-27,pre_dam,2026-09-26T13:01:29.482567+00:00,2025-10-12,2025-09-06,6,30.66,24.96,35.49,29.93,26.18,3.51,False
2026-09-27,pre_dam,2026-09-26T13:01:29.482567+00:00,2025-10-12,2025-09-06,7,36.28,27.23,42.08,34.51,27.85,4.51,False
2026-09-27,pre_dam,2026-09-26T13:01:29.482567+00:00,2025-10-12,2025-09-06,8,36.91,30.0,42.45,37.62,30.65,3.79,False
2026-09-27,pre_dam,2026-09-26T13:01:29.482567+00:00,2025-10-12,2025-09-06,9,34.66,30.09,40.44,38.6,33.56,4.35,False
2026-09-27,pre_dam,2026-09-26T13:01:29.482567+00:00,2025-10-12,2025-09-06,10,32.08,31.33,37.23,35.74,33.62,4.12,False
2026-09-27,pre_dam,2026-09-26T13:01:29.482567+00:00,2025-10-12,2025-09-06,11,31.72,31.32,36.87,34.51,36.83,5.39,False
2026-09-27,pre_dam,2026-09-26T13:01:29.482567+00:00,2025-10-12,2025-09-06,12,34.28,32.01,37.46,39.25,40.01,4.87,False
2026-09-27,pre_dam,2026-09-26T13:01:29.482567+00:00,2025-10-12,2025-09-06,13,34.31,32.86,37.86,45.66,40.02,5.73,False
2026-09-27,pre_dam,2026-09-26T13:01:29.482567+00:00,2025-10-12,2025-09-06,14,33.73,33.11,37.21,36.83,40.06,4.7,False
2026-09-27,pre_dam,2026-09-26T13:01:29.482567+00:00,2025-10-12,2025-09-06,15,33.92,33.19,36.39,37.56,37.65,6.08,False
2026-09-27,pre_dam,2026-09-26T13:01:29.482567+00:00,2025-10-12,2025-09-06,16,37.38,34.85,40.96,41.69,39.88,6.62,False
2026-09-27,pre_dam,2026-09-26T13:01:29.482567+00:00,2025-10-12,2025-09-06,17,44.34,37.74,47.52,52.69,44.24,6.37,False
2026-09-27,pre_dam,2026-09-26T13:01:29.482567+00:00,2025-10-12,2025-09-06,18,50.25,44.53,53.29,84.89,51.83,6.01,False
2026-09-27,pre_dam,2026-09-26T13:01:29.482567+00:00,2025-10-12,2025-09-06,19,51.93,45.68,53.47,75.33,57.96,5.99,False
2026-09-27,pre_dam,2026-09-26T13:01:29.482567+00:00,2025-10-12,2025-09-06,20,47.45,43.16,50.29,44.5,46.69,6.45,False
2026-09-27,pre_dam,2026-09-26T13:01:29.482567+00:00,2025-10-12,2025-09-06,21,41.51,36.64,47.21,34.34,41.35,5.71,False
2026-09-27,pre_dam,2026-09-26T13:01:29.482567+00:00,2025-10-12,2025-09-06,22,38.14,35.05,43.18,29.57,36.7,3.76,False
2026-09-27,pre_dam,2026-09-26T13:01:29.482567+00:00,2025-10-12,2025-09-06,23,37.56,34.8,41.2,37.95,33.89,2.95,False
2026-09-27,pre_dam,2026-09-26T13:01:29.482567+00:00,2025-10-12,2025-09-06,24,37.61,34.39,41.92,33.07,28.21,3.38,False
2026-09-28,pre_dam,2026-09-27T13:01:49.663836+00:00,2025-10-14,2026-09-17,1,33.09,30.54,33.95,36.53,44.6,2.54,False
2026-09-28,pre_dam,2026-09-27T13:01:49.663836+00:00,2025-10-14,2026-09-17,2,33.51,30.85,34.93,35.18,41.02,2.72,False
2026-09-28,pre_dam,2026-09-27T13:01:49.663836+00:00,2025-10-14,2026-09-17,3,33.49,30.0,34.09,35.33,38.38,2.62,False
2026-09-28,pre_dam,2026-09-27T13:01:49.663836+00:00,2025-10-14,2026-09-17,4,33.47,30.0,34.59,35.31,36.5,2.26,False
2026-09-28,pre_dam,2026-09-27T13:01:49.663836+00:00,2025-10-14,2026-09-17,5,33.24,30.75,34.79,35.22,42.29,2.24,False
2026-09-28,pre_dam,2026-09-27T13:01:49.663836+00:00,2025-10-14,2026-09-17,6,36.3,31.84,38.25,48.55,50.24,3.37,False
2026-09-28,pre_dam,2026-09-27T13:01:49.663836+00:00,2025-10-14,2026-09-17,7,43.45,35.08,46.52,79.23,57.83,5.15,False
2026-09-28,pre_dam,2026-09-27T13:01:49.663836+00:00,2025-10-14,2026-09-17,8,46.06,38.3,54.01,93.07,57.89,4.48,False
2026-09-28,pre_dam,2026-09-27T13:01:49.663836+00:00,2025-10-14,2026-09-17,9,42.9,37.82,55.9,78.97,58.08,5.24,False
2026-09-28,pre_dam,2026-09-27T13:01:49.663836+00:00,2025-10-14,2026-09-17,10,42.73,38.26,47.56,67.39,64.22,4.66,False
2026-09-28,pre_dam,2026-09-27T13:01:49.663836+00:00,2025-10-14,2026-09-17,11,41.56,36.58,46.06,83.97,67.43,5.37,False
2026-09-28,pre_dam,2026-09-27T13:01:49.663836+00:00,2025-10-14,2026-09-17,12,42.88,37.87,45.78,58.03,68.26,4.91,False
2026-09-28,pre_dam,2026-09-27T13:01:49.663836+00:00,2025-10-14,2026-09-17,13,46.84,39.0,54.22,60.87,75.56,5.53,False
2026-09-28,pre_dam,2026-09-27T13:01:49.663836+00:00,2025-10-14,2026-09-17,14,44.44,38.16,52.98,58.07,80.22,4.91,False
2026-09-28,pre_dam,2026-09-27T13:01:49.663836+00:00,2025-10-14,2026-09-17,15,46.31,39.26,54.7,50.79,76.21,5.81,False
2026-09-28,pre_dam,2026-09-27T13:01:49.663836+00:00,2025-10-14,2026-09-17,16,54.74,43.35,57.22,60.46,80.18,5.98,False
2026-09-28,pre_dam,2026-09-27T13:01:49.663836+00:00,2025-10-14,2026-09-17,17,65.36,47.94,71.79,75.91,87.13,6.63,False
2026-09-28,pre_dam,2026-09-27T13:01:49.663836+00:00,2025-10-14,2026-09-17,18,72.59,54.76,77.26,102.06,90.33,6.33,False
2026-09-28,pre_dam,2026-09-27T13:01:49.663836+00:00,2025-10-14,2026-09-17,19,73.54,57.12,82.78,90.94,86.03,5.51,False
2026-09-28,pre_dam,2026-09-27T13:01:49.663836+00:00,2025-10-14,2026-09-17,20,68.37,54.98,74.39,61.08,79.55,5.24,False
2026-09-28,pre_dam,2026-09-27T13:01:49.663836+00:00,2025-10-14,2026-09-17,21,53.99,44.0,64.65,49.83,58.66,5.45,False
2026-09-28,pre_dam,2026-09-27T13:01:49.663836+00:00,2025-10-14,2026-09-17,22,42.96,38.36,48.03,41.25,55.78,3.59,False
2026-09-28,pre_dam,2026-09-27T13:01:49.663836+00:00,2025-10-14,2026-09-17,23,40.42,35.36,44.64,31.37,46.81,3.02,False
2026-09-28,pre_dam,2026-09-27T13:01:49.663836+00:00,2025-10-14,2026-09-17,24,39.99,35.13,41.4,30.06,41.09,3.81,False
2026-09-29,pre_dam,2026-09-28T13:01:52.487882+00:00,2026-06-26,2026-09-17,1,38.53,31.7,38.66,29.87,44.6,2.92,False
2026-09-29,pre_dam,2026-09-28T13:01:52.487882+00:00,2026-06-26,2026-09-17,2,38.42,33.3,40.17,29.02,41.02,2.75,False
2026-09-29,pre_dam,2026-09-28T13:01:52.487882+00:00,2026-06-26,2026-09-17,3,37.33,33.03,40.68,27.53,38.38,2.18,False
2026-09-29,pre_dam,2026-09-28T13:01:52.487882+00:00,2026-06-26,2026-09-17,4,37.9,34.1,41.26,26.99,36.5,2.13,False
2026-09-29,pre_dam,2026-09-28T13:01:52.487882+00:00,2026-06-26,2026-09-17,5,40.84,36.56,43.41,28.41,42.29,2.91,False
2026-09-29,pre_dam,2026-09-28T13:01:52.487882+00:00,2026-06-26,2026-09-17,6,42.62,38.22,44.98,33.52,50.24,3.4,False
2026-09-29,pre_dam,2026-09-28T13:01:52.487882+00:00,2026-06-26,2026-09-17,7,53.73,41.49,57.4,38.17,57.83,4.98,False
2026-09-29,pre_dam,2026-09-28T13:01:52.487882+00:00,2026-06-26,2026-09-17,8,52.56,43.64,65.12,42.72,57.89,4.62,False
2026-09-29,pre_dam,2026-09-28T13:01:52.487882+00:00,2026-06-26,2026-09-17,9,53.92,42.89,61.41,43.86,58.08,5.33,False
2026-09-29,pre_dam,2026-09-28T13:01:52.487882+00:00,2026-06-26,2026-09-17,10,52.61,42.78,59.7,45.92,64.22,5.0,False
2026-09-29,pre_dam,2026-09-28T13:01:52.487882+00:00,2026-06-26,2026-09-17,11,49.68,42.25,58.8,39.52,67.43,5.54,False
2026-09-29,pre_dam,2026-09-28T13:01:52.487882+00:00,2026-06-26,2026-09-17,12,52.76,42.34,58.15,38.71,68.26,4.67,False
2026-09-29,pre_dam,2026-09-28T13:01:52.487882+00:00,2026-06-26,2026-09-17,13,55.82,42.82,59.3,43.22,75.56,5.51,False
2026-09-29,pre_dam,2026-09-28T13:01:52.487882+00:00,2026-06-26,2026-09-17,14,60.13,43.07,62.89,46.24,80.22,4.82,False
2026-09-29,pre_dam,2026-09-28T13:01:52.487882+00:00,2026-06-26,2026-09-17,15,64.21,48.25,67.16,45.61,76.21,4.74,False
2026-09-29,pre_dam,2026-09-28T13:01:52.487882+00:00,2026-06-26,2026-09-17,16,73.3,53.67,75.27,50.34,80.18,5.25,False
2026-09-29,pre_dam,2026-09-28T13:01:52.487882+00:00,2026-06-26,2026-09-17,17,81.68,64.64,83.38,58.11,87.13,4.81,False
2026-09-29,pre_dam,2026-09-28T13:01:52.487882+00:00,2026-06-26,2026-09-17,18,89.97,72.38,89.97,59.06,90.33,6.06,False
2026-09-29,pre_dam,2026-09-28T13:01:52.487882+00:00,2026-06-26,2026-09-17,19,93.14,75.13,93.14,61.39,86.03,6.69,False
2026-09-29,pre_dam,2026-09-28T13:01:52.487882+00:00,2026-06-26,2026-09-17,20,81.94,61.72,84.87,58.9,79.55,5.41,False
2026-09-29,pre_dam,2026-09-28T13:01:52.487882+00:00,2026-06-26,2026-09-17,21,64.21,48.05,66.59,59.29,58.66,5.16,False
2026-09-29,pre_dam,2026-09-28T13:01:52.487882+00:00,2026-06-26,2026-09-17,22,45.06,41.98,49.57,48.4,55.78,3.53,False
2026-09-29,pre_dam,2026-09-28T13:01:52.487882+00:00,2026-06-26,2026-09-17,23,40.82,38.77,44.81,40.95,46.81,2.77,False
2026-09-29,pre_dam,2026-09-28T13:01:52.487882+00:00,2026-06-26,2026-09-17,24,42.26,38.22,46.42,38.26,41.09,3.44,False
2026-09-30,pre_dam,2026-09-29T13:01:39.263969+00:00,2026-09-15,2025-08-20,1,36.32,34.85,41.59,32.43,34.02,2.73,False
2026-09-30,pre_dam,2026-09-29T13:01:39.263969+00:00,2026-09-15,2025-08-20,2,36.07,34.52,39.82,29.51,31.4,2.51,False
2026-09-30,pre_dam,2026-09-29T13:01:39.263969+00:00,2026-09-15,2025-08-20,3,34.23,33.97,38.38,27.28,31.42,2.19,False
2026-09-30,pre_dam,2026-09-29T13:01:39.263969+00:00,2026-09-15,2025-08-20,4,34.76,33.63,38.24,28.67,29.01,2.32,False
2026-09-30,pre_dam,2026-09-29T13:01:39.263969+00:00,2026-09-15,2025-08-20,5,37.22,35.4,45.44,32.22,30.45,3.14,False
2026-09-30,pre_dam,2026-09-29T13:01:39.263969+00:00,2026-09-15,2025-08-20,6,40.67,38.81,49.83,40.47,34.09,4.89,False
2026-09-30,pre_dam,2026-09-29T13:01:39.263969+00:00,2026-09-15,2025-08-20,7,45.27,40.79,61.67,39.97,35.77,5.26,False
2026-09-30,pre_dam,2026-09-29T13:01:39.263969+00:00,2026-09-15,2025-08-20,8,46.77,40.84,55.26,35.26,38.93,4.62,False
2026-09-30,pre_dam,2026-09-29T13:01:39.263969+00:00,2026-09-15,2025-08-20,9,42.07,39.69,53.27,32.0,43.04,5.51,False
2026-09-30,pre_dam,2026-09-29T13:01:39.263969+00:00,2026-09-15,2025-08-20,10,41.9,38.85,51.7,35.05,48.15,5.1,False
2026-09-30,pre_dam,2026-09-29T13:01:39.263969+00:00,2026-09-15,2025-08-20,11,41.31,38.84,50.87,35.15,38.14,5.59,False
2026-09-30,pre_dam,2026-09-29T13:01:39.263969+00:00,2026-09-15,2025-08-20,12,44.58,41.54,56.85,36.99,47.28,5.23,False
2026-09-30,pre_dam,2026-09-29T13:01:39.263969+00:00,2026-09-15,2025-08-20,13,50.63,44.4,59.84,37.41,57.93,5.35,False
2026-09-30,pre_dam,2026-09-29T13:01:39.263969+00:00,2026-09-15,2025-08-20,14,53.99,46.16,71.25,41.97,58.35,4.89,False
2026-09-30,pre_dam,2026-09-29T13:01:39.263969+00:00,2026-09-15,2025-08-20,15,56.0,46.05,70.93,39.56,57.96,5.72,False
2026-09-30,pre_dam,2026-09-29T13:01:39.263969+00:00,2026-09-15,2025-08-20,16,61.2,52.67,84.99,43.0,62.93,6.18,False
2026-09-30,pre_dam,2026-09-29T13:01:39.263969+00:00,2026-09-15,2025-08-20,17,73.41,61.03,98.83,49.89,67.12,5.67,False
2026-09-30,pre_dam,2026-09-29T13:01:39.263969+00:00,2026-09-15,2025-08-20,18,85.87,63.75,90.9,54.85,67.02,5.04,False
2026-09-30,pre_dam,2026-09-29T13:01:39.263969+00:00,2026-09-15,2025-08-20,19,93.36,65.43,93.36,54.09,66.79,4.89,False
2026-09-30,pre_dam,2026-09-29T13:01:39.263969+00:00,2026-09-15,2025-08-20,20,70.6,59.98,90.14,52.37,56.73,5.61,False
2026-09-30,pre_dam,2026-09-29T13:01:39.263969+00:00,2026-09-15,2025-08-20,21,57.6,48.02,73.67,45.73,46.89,5.05,False
2026-09-30,pre_dam,2026-09-29T13:01:39.263969+00:00,2026-09-15,2025-08-20,22,45.01,39.59,59.52,42.21,34.79,4.4,False
2026-09-30,pre_dam,2026-09-29T13:01:39.263969+00:00,2026-09-15,2025-08-20,23,39.99,37.15,48.97,40.1,34.18,3.73,False
2026-09-30,pre_dam,2026-09-29T13:01:39.263969+00:00,2026-09-15,2025-08-20,24,36.67,36.4,43.56,37.79,34.81,4.49,False
2026-10-01,pre_dam,2026-09-30T13:01:40.994424+00:00,2026-09-30,2025-06-09,1,37.67,34.2,41.58,34.69,14.37,2.71,False
2026-10-01,pre_dam,2026-09-30T13:01:40.994424+00:00,2026-09-30,2025-06-09,2,39.23,35.28,45.44,43.47,16.6,2.85,False
2026-10-01,pre_dam,2026-09-30T13:01:40.994424+00:00,2026-09-30,2025-06-09,3,38.75,35.33,45.63,42.8,14.58,2.61,False
2026-10-01,pre_dam,2026-09-30T13:01:40.994424+00:00,2026-09-30,2025-06-09,4,38.83,35.56,43.71,42.61,15.03,2.37,False
2026-10-01,pre_dam,2026-09-30T13:01:40.994424+00:00,2026-09-30,2025-06-09,5,42.46,36.99,50.25,47.54,23.13,3.23,False
2026-10-01,pre_dam,2026-09-30T13:01:40.994424+00:00,2026-09-30,2025-06-09,6,50.58,41.9,57.31,52.26,24.05,4.42,False
2026-10-01,pre_dam,2026-09-30T13:01:40.994424+00:00,2026-09-30,2025-06-09,7,57.05,44.61,67.84,55.23,31.37,5.45,False
2026-10-01,pre_dam,2026-09-30T13:01:40.994424+00:00,2026-09-30,2025-06-09,8,62.87,46.29,68.37,51.44,35.64,4.74,False
2026-10-01,pre_dam,2026-09-30T13:01:40.994424+00:00,2026-09-30,2025-06-09,9,55.96,43.54,61.41,46.48,36.86,5.69,False
2026-10-01,pre_dam,2026-09-30T13:01:40.994424+00:00,2026-09-30,2025-06-09,10,57.28,44.23,64.49,48.0,37.32,5.27,False
2026-10-01,pre_dam,2026-09-30T13:01:40.994424+00:00,2026-09-30,2025-06-09,11,55.82,44.74,62.19,48.87,40.64,5.43,False
2026-10-01,pre_dam,2026-09-30T13:01:40.994424+00:00,2026-09-30,2025-06-09,12,56.31,46.32,68.05,56.31,40.66,5.0,False
2026-10-01,pre_dam,2026-09-30T13:01:40.994424+00:00,2026-09-30,2025-06-09,13,58.5,49.65,74.4,60.37,41.88,5.24,False
2026-10-01,pre_dam,2026-09-30T13:01:40.994424+00:00,2026-09-30,2025-06-09,14,60.04,50.67,73.67,71.26,40.41,5.33,False
2026-10-01,pre_dam,2026-09-30T13:01:40.994424+00:00,2026-09-30,2025-06-09,15,63.8,50.62,73.55,67.71,41.17,5.4,False
2026-10-01,pre_dam,2026-09-30T13:01:40.994424+00:00,2026-09-30,2025-06-09,16,71.58,55.7,86.49,84.07,38.9,6.8,False
2026-10-01,pre_dam,2026-09-30T13:01:40.994424+00:00,2026-09-30,2025-06-09,17,83.31,63.19,91.49,94.72,49.01,5.63,False
2026-10-01,pre_dam,2026-09-30T13:01:40.994424+00:00,2026-09-30,2025-06-09,18,78.86,62.46,96.72,93.79,48.08,5.31,False
2026-10-01,pre_dam,2026-09-30T13:01:40.994424+00:00,2026-09-30,2025-06-09,19,85.81,64.96,98.94,100.36,40.05,4.94,False
2026-10-01,pre_dam,2026-09-30T13:01:40.994424+00:00,2026-09-30,2025-06-09,20,77.12,63.34,91.05,87.64,47.78,6.26,False
2026-10-01,pre_dam,2026-09-30T13:01:40.994424+00:00,2026-09-30,2025-06-09,21,65.48,51.66,76.52,64.58,43.39,4.99,False
2026-10-01,pre_dam,2026-09-30T13:01:40.994424+00:00,2026-09-30,2025-06-09,22,53.91,42.37,65.27,50.68,30.3,3.9,False
2026-10-01,pre_dam,2026-09-30T13:01:40.994424+00:00,2026-09-30,2025-06-09,23,45.8,39.51,50.03,42.69,27.49,2.99,False
2026-10-01,pre_dam,2026-09-30T13:01:40.994424+00:00,2026-09-30,2025-06-09,24,42.58,38.6,47.1,42.79,25.28,3.64,False
2026-10-02,pre_dam,2026-10-01T13:01:40.253570+00:00,2025-08-26,2025-09-04,1,40.52,33.06,42.0,30.99,26.33,2.92,False
2026-10-02,pre_dam,2026-10-01T13:01:40.253570+00:00,2025-08-26,2025-09-04,2,38.74,33.02,41.02,28.55,22.37,3.09,False
2026-10-02,pre_dam,2026-10-01T13:01:40.253570+00:00,2025-08-26,2025-09-04,3,37.07,32.66,39.54,26.23,20.54,2.9,False
2026-10-02,pre_dam,2026-10-01T13:01:40.253570+00:00,2025-08-26,2025-09-04,4,37.07,32.49,39.53,28.07,21.18,2.85,False
2026-10-02,pre_dam,2026-10-01T13:01:40.253570+00:00,2025-08-26,2025-09-04,5,40.12,34.15,43.05,28.47,24.63,3.34,False
2026-10-02,pre_dam,2026-10-01T13:01:40.253570+00:00,2025-08-26,2025-09-04,6,46.87,36.96,53.59,30.28,32.82,4.44,False
2026-10-02,pre_dam,2026-10-01T13:01:40.253570+00:00,2025-08-26,2025-09-04,7,59.06,41.58,71.87,34.14,35.34,4.94,False
2026-10-02,pre_dam,2026-10-01T13:01:40.253570+00:00,2025-08-26,2025-09-04,8,62.02,45.71,68.94,34.99,36.68,3.95,False
2026-10-02,pre_dam,2026-10-01T13:01:40.253570+00:00,2025-08-26,2025-09-04,9,59.97,45.25,68.95,35.43,35.0,4.72,False
2026-10-02,pre_dam,2026-10-01T13:01:40.253570+00:00,2025-08-26,2025-09-04,10,57.24,44.0,65.72,33.25,36.6,5.06,False
2026-10-02,pre_dam,2026-10-01T13:01:40.253570+00:00,2025-08-26,2025-09-04,11,51.31,39.6,58.5,31.34,36.86,4.73,False
2026-10-02,pre_dam,2026-10-01T13:01:40.253570+00:00,2025-08-26,2025-09-04,12,50.15,40.56,60.83,31.12,37.47,4.74,False
2026-10-02,pre_dam,2026-10-01T13:01:40.253570+00:00,2025-08-26,2025-09-04,13,50.41,39.98,60.03,33.32,37.34,5.2,False
2026-10-02,pre_dam,2026-10-01T13:01:40.253570+00:00,2025-08-26,2025-09-04,14,50.27,39.62,59.69,33.58,37.76,4.55,False
2026-10-02,pre_dam,2026-10-01T13:01:40.253570+00:00,2025-08-26,2025-09-04,15,49.37,39.8,58.96,35.63,38.91,4.99,False
2026-10-02,pre_dam,2026-10-01T13:01:40.253570+00:00,2025-08-26,2025-09-04,16,55.08,42.36,66.26,39.28,43.96,7.14,False
2026-10-02,pre_dam,2026-10-01T13:01:40.253570+00:00,2025-08-26,2025-09-04,17,60.76,47.78,83.35,43.84,55.07,7.37,False
2026-10-02,pre_dam,2026-10-01T13:01:40.253570+00:00,2025-08-26,2025-09-04,18,65.78,55.17,83.75,48.85,54.52,6.6,False
2026-10-02,pre_dam,2026-10-01T13:01:40.253570+00:00,2025-08-26,2025-09-04,19,67.91,56.44,92.41,47.52,55.18,6.9,False
2026-10-02,pre_dam,2026-10-01T13:01:40.253570+00:00,2025-08-26,2025-09-04,20,66.01,54.06,81.84,55.37,50.33,6.63,False
2026-10-02,pre_dam,2026-10-01T13:01:40.253570+00:00,2025-08-26,2025-09-04,21,58.36,43.53,69.38,54.85,42.76,4.75,False
2026-10-02,pre_dam,2026-10-01T13:01:40.253570+00:00,2025-08-26,2025-09-04,22,46.55,37.63,55.02,36.15,35.3,4.18,False
2026-10-02,pre_dam,2026-10-01T13:01:40.253570+00:00,2025-08-26,2025-09-04,23,42.16,35.08,50.26,35.22,34.3,2.92,False
2026-10-02,pre_dam,2026-10-01T13:01:40.253570+00:00,2025-08-26,2025-09-04,24,41.35,34.58,46.77,34.44,29.75,3.86,False
2026-10-03,pre_dam,2026-10-02T13:01:56.151735+00:00,2025-10-11,2026-09-19,1,38.64,32.92,38.91,28.86,40.47,3.17,False
2026-10-03,pre_dam,2026-10-02T13:01:56.151735+00:00,2025-10-11,2026-09-19,2,38.34,32.49,39.3,31.28,40.36,3.14,False
2026-10-03,pre_dam,2026-10-02T13:01:56.151735+00:00,2025-10-11,2026-09-19,3,36.13,32.51,38.68,29.74,35.49,3.12,False
2026-10-03,pre_dam,2026-10-02T13:01:56.151735+00:00,2025-10-11,2026-09-19,4,35.6,32.64,38.27,29.43,35.28,2.75,False
2026-10-03,pre_dam,2026-10-02T13:01:56.151735+00:00,2025-10-11,2026-09-19,5,37.01,33.09,39.41,31.23,34.74,2.96,False
2026-10-03,pre_dam,2026-10-02T13:01:56.151735+00:00,2025-10-11,2026-09-19,6,39.86,35.62,44.84,35.26,36.85,4.4,False
2026-10-03,pre_dam,2026-10-02T13:01:56.151735+00:00,2025-10-11,2026-09-19,7,46.64,39.07,55.52,37.44,43.8,4.41,False
2026-10-03,pre_dam,2026-10-02T13:01:56.151735+00:00,2025-10-11,2026-09-19,8,48.43,39.99,57.85,35.99,39.44,4.52,False
2026-10-03,pre_dam,2026-10-02T13:01:56.151735+00:00,2025-10-11,2026-09-19,9,45.91,40.7,58.78,39.04,42.41,4.91,False
2026-10-03,pre_dam,2026-10-02T13:01:56.151735+00:00,2025-10-11,2026-09-19,10,40.85,37.83,49.52,57.97,38.02,4.98,False
2026-10-03,pre_dam,2026-10-02T13:01:56.151735+00:00,2025-10-11,2026-09-19,11,40.62,36.97,45.24,58.41,35.16,5.43,False
2026-10-03,pre_dam,2026-10-02T13:01:56.151735+00:00,2025-10-11,2026-09-19,12,40.38,36.3,44.15,63.54,37.18,5.29,False
2026-10-03,pre_dam,2026-10-02T13:01:56.151735+00:00,2025-10-11,2026-09-19,13,39.41,35.33,42.91,61.13,37.19,5.53,False
2026-10-03,pre_dam,2026-10-02T13:01:56.151735+00:00,2025-10-11,2026-09-19,14,39.58,35.64,43.44,59.68,37.14,4.74,False
2026-10-03,pre_dam,2026-10-02T13:01:56.151735+00:00,2025-10-11,2026-09-19,15,37.19,35.93,41.41,60.26,37.64,5.23,False
2026-10-03,pre_dam,2026-10-02T13:01:56.151735+00:00,2025-10-11,2026-09-19,16,39.83,35.99,48.58,63.74,42.55,7.73,False
2026-10-03,pre_dam,2026-10-02T13:01:56.151735+00:00,2025-10-11,2026-09-19,17,51.15,43.33,59.39,74.88,51.52,7.06,False
2026-10-03,pre_dam,2026-10-02T13:01:56.151735+00:00,2025-10-11,2026-09-19,18,67.08,52.9,75.53,92.11,58.43,6.13,False
2026-10-03,pre_dam,2026-10-02T13:01:56.151735+00:00,2025-10-11,2026-09-19,19,66.57,53.68,75.13,70.35,57.1,6.97,False
2026-10-03,pre_dam,2026-10-02T13:01:56.151735+00:00,2025-10-11,2026-09-19,20,51.38,45.0,61.8,46.28,50.17,7.44,False
2026-10-03,pre_dam,2026-10-02T13:01:56.151735+00:00,2025-10-11,2026-09-19,21,42.18,37.33,51.11,38.07,39.46,5.8,False
2026-10-03,pre_dam,2026-10-02T13:01:56.151735+00:00,2025-10-11,2026-09-19,22,37.66,35.84,44.64,36.1,42.48,4.07,False
2026-10-03,pre_dam,2026-10-02T13:01:56.151735+00:00,2025-10-11,2026-09-19,23,37.0,34.05,42.58,32.99,41.17,2.85,False
2026-10-03,pre_dam,2026-10-02T13:01:56.151735+00:00,2025-10-11,2026-09-19,24,33.75,33.75,39.7,30.25,39.36,3.68,False
2026-10-04,pre_dam,2026-10-03T13:01:36.124511+00:00,2025-05-24,2025-10-11,1,37.29,32.55,43.63,6.57,28.86,3.6,False
2026-10-04,pre_dam,2026-10-03T13:01:36.124511+00:00,2025-05-24,2025-10-11,2,38.26,34.38,44.33,7.2,31.28,3.41,False
2026-10-04,pre_dam,2026-10-03T13:01:36.124511+00:00,2025-05-24,2025-10-11,3,38.21,33.2,44.29,7.32,29.74,3.41,False
2026-10-04,pre_dam,2026-10-03T13:01:36.124511+00:00,2025-05-24,2025-10-11,4,38.17,32.16,43.47,8.08,29.43,3.34,False
2026-10-04,pre_dam,2026-10-03T13:01:36.124511+00:00,2025-05-24,2025-10-11,5,37.51,34.83,43.85,14.29,31.23,3.87,False
2026-10-04,pre_dam,2026-10-03T13:01:36.124511+00:00,2025-05-24,2025-10-11,6,40.01,37.12,45.25,14.33,35.26,5.21,False
2026-10-04,pre_dam,2026-10-03T13:01:36.124511+00:00,2025-05-24,2025-10-11,7,40.37,35.95,44.31,18.52,37.44,4.93,False
2026-10-04,pre_dam,2026-10-03T13:01:36.124511+00:00,2025-05-24,2025-10-11,8,43.11,37.05,47.24,23.68,35.99,4.24,False
2026-10-04,pre_dam,2026-10-03T13:01:36.124511+00:00,2025-05-24,2025-10-11,9,40.55,36.37,46.43,14.49,39.04,5.01,False
2026-10-04,pre_dam,2026-10-03T13:01:36.124511+00:00,2025-05-24,2025-10-11,10,38.53,36.22,42.65,14.48,57.97,5.23,False
2026-10-04,pre_dam,2026-10-03T13:01:36.124511+00:00,2025-05-24,2025-10-11,11,38.23,34.1,43.37,25.24,58.41,5.24,False
2026-10-04,pre_dam,2026-10-03T13:01:36.124511+00:00,2025-05-24,2025-10-11,12,39.91,34.55,41.32,26.67,63.54,5.0,False
2026-10-04,pre_dam,2026-10-03T13:01:36.124511+00:00,2025-05-24,2025-10-11,13,41.76,35.58,43.81,14.51,61.13,5.17,False
2026-10-04,pre_dam,2026-10-03T13:01:36.124511+00:00,2025-05-24,2025-10-11,14,40.93,34.5,42.46,14.48,59.68,4.35,False
2026-10-04,pre_dam,2026-10-03T13:01:36.124511+00:00,2025-05-24,2025-10-11,15,39.11,34.59,43.68,18.15,60.26,4.53,False
2026-10-04,pre_dam,2026-10-03T13:01:36.124511+00:00,2025-05-24,2025-10-11,16,44.54,36.2,50.09,14.52,63.74,6.59,False
2026-10-04,pre_dam,2026-10-03T13:01:36.124511+00:00,2025-05-24,2025-10-11,17,52.88,42.35,65.55,14.52,74.88,6.67,False
2026-10-04,pre_dam,2026-10-03T13:01:36.124511+00:00,2025-05-24,2025-10-11,18,60.79,49.03,76.88,35.87,92.11,6.84,False
2026-10-04,pre_dam,2026-10-03T13:01:36.124511+00:00,2025-05-24,2025-10-11,19,60.99,49.44,75.63,42.64,70.35,6.82,False
2026-10-04,pre_dam,2026-10-03T13:01:36.124511+00:00,2025-05-24,2025-10-11,20,56.68,47.22,66.41,45.67,46.28,6.9,False
2026-10-04,pre_dam,2026-10-03T13:01:36.124511+00:00,2025-05-24,2025-10-11,21,45.85,37.12,57.4,40.21,38.07,5.06,False
2026-10-04,pre_dam,2026-10-03T13:01:36.124511+00:00,2025-05-24,2025-10-11,22,40.37,36.83,46.23,38.93,36.1,3.99,False
2026-10-04,pre_dam,2026-10-03T13:01:36.124511+00:00,2025-05-24,2025-10-11,23,38.09,33.98,43.02,27.66,32.99,3.06,False
2026-10-04,pre_dam,2026-10-03T13:01:36.124511+00:00,2025-05-24,2025-10-11,24,34.92,31.23,43.39,14.52,30.25,3.81,False
2026-10-05,pre_dam,2026-10-04T13:01:36.512257+00:00,2026-05-29,2026-05-05,1,30.28,26.74,33.65,25.07,5.45,3.8,False
2026-10-05,pre_dam,2026-10-04T13:01:36.512257+00:00,2026-05-29,2026-05-05,2,30.93,26.2,32.74,20.19,5.46,3.72,False
2026-10-05,pre_dam,2026-10-04T13:01:36.512257+00:00,2026-05-29,2026-05-05,3,30.68,25.61,32.64,20.06,5.6,3.64,False
2026-10-05,pre_dam,2026-10-04T13:01:36.512257+00:00,2026-05-29,2026-05-05,4,30.74,27.78,33.41,22.09,6.25,3.41,False
2026-10-05,pre_dam,2026-10-04T13:01:36.512257+00:00,2026-05-29,2026-05-05,5,35.3,32.08,39.08,18.41,14.14,4.01,False
2026-10-05,pre_dam,2026-10-04T13:01:36.512257+00:00,2026-05-29,2026-05-05,6,40.94,35.01,43.76,37.41,25.92,4.62,False
2026-10-05,pre_dam,2026-10-04T13:01:36.512257+00:00,2026-05-29,2026-05-05,7,46.87,37.96,57.48,46.17,42.36,4.92,False
2026-10-05,pre_dam,2026-10-04T13:01:36.512257+00:00,2026-05-29,2026-05-05,8,50.38,39.55,51.03,37.56,34.09,3.87,False
2026-10-05,pre_dam,2026-10-04T13:01:36.512257+00:00,2026-05-29,2026-05-05,9,43.89,37.01,45.8,28.4,33.77,4.94,False
2026-10-05,pre_dam,2026-10-04T13:01:36.512257+00:00,2026-05-29,2026-05-05,10,41.8,37.01,42.71,23.34,34.99,5.07,False
2026-10-05,pre_dam,2026-10-04T13:01:36.512257+00:00,2026-05-29,2026-05-05,11,39.36,35.38,41.36,20.36,36.19,4.93,False
2026-10-05,pre_dam,2026-10-04T13:01:36.512257+00:00,2026-05-29,2026-05-05,12,38.13,34.25,39.21,17.22,33.9,4.6,False
2026-10-05,pre_dam,2026-10-04T13:01:36.512257+00:00,2026-05-29,2026-05-05,13,37.38,33.56,39.08,14.47,38.34,5.0,False
2026-10-05,pre_dam,2026-10-04T13:01:36.512257+00:00,2026-05-29,2026-05-05,14,40.43,35.47,40.43,14.81,40.01,4.14,False
2026-10-05,pre_dam,2026-10-04T13:01:36.512257+00:00,2026-05-29,2026-05-05,15,41.23,35.82,41.46,15.67,40.14,4.74,False
2026-10-05,pre_dam,2026-10-04T13:01:36.512257+00:00,2026-05-29,2026-05-05,16,45.66,38.89,48.38,20.48,42.26,6.26,False
2026-10-05,pre_dam,2026-10-04T13:01:36.512257+00:00,2026-05-29,2026-05-05,17,60.21,47.04,68.28,24.37,41.74,6.8,False
2026-10-05,pre_dam,2026-10-04T13:01:36.512257+00:00,2026-05-29,2026-05-05,18,82.54,59.31,85.92,39.79,52.68,6.53,False
2026-10-05,pre_dam,2026-10-04T13:01:36.512257+00:00,2026-05-29,2026-05-05,19,90.27,63.13,90.27,42.74,68.15,7.81,False
2026-10-05,pre_dam,2026-10-04T13:01:36.512257+00:00,2026-05-29,2026-05-05,20,78.26,54.87,82.33,46.56,81.64,6.65,False
2026-10-05,pre_dam,2026-10-04T13:01:36.512257+00:00,2026-05-29,2026-05-05,21,59.17,45.06,73.26,31.89,64.94,4.37,False
2026-10-05,pre_dam,2026-10-04T13:01:36.512257+00:00,2026-05-29,2026-05-05,22,49.55,40.51,58.5,15.43,43.33,3.94,False
2026-10-05,pre_dam,2026-10-04T13:01:36.512257+00:00,2026-05-29,2026-05-05,23,41.77,37.39,46.87,7.1,34.35,3.1,False
2026-10-05,pre_dam,2026-10-04T13:01:36.512257+00:00,2026-05-29,2026-05-05,24,42.78,37.18,46.46,7.09,31.3,4.08,False
2026-10-06,pre_dam,2026-10-05T13:01:31.344941+00:00,2026-05-06,2026-04-06,1,44.14,33.28,44.14,35.85,33.64,3.67,False
2026-10-06,pre_dam,2026-10-05T13:01:31.344941+00:00,2026-05-06,2026-04-06,2,42.16,33.66,42.16,36.4,36.95,3.6,False
2026-10-06,pre_dam,2026-10-05T13:01:31.344941+00:00,2026-05-06,2026-04-06,3,41.13,33.4,41.13,33.44,34.3,3.38,False
2026-10-06,pre_dam,2026-10-05T13:01:31.344941+00:00,2026-05-06,2026-04-06,4,40.27,33.79,40.7,30.85,32.65,3.24,False
2026-10-06,pre_dam,2026-10-05T13:01:31.344941+00:00,2026-05-06,2026-04-06,5,43.14,35.33,46.18,33.12,40.53,3.89,False
2026-10-06,pre_dam,2026-10-05T13:01:31.344941+00:00,2026-05-06,2026-04-06,6,59.85,42.9,73.49,41.77,43.42,4.74,False
2026-10-06,pre_dam,2026-10-05T13:01:31.344941+00:00,2026-05-06,2026-04-06,7,73.99,47.03,102.52,58.09,73.88,4.72,False
2026-10-06,pre_dam,2026-10-05T13:01:31.344941+00:00,2026-05-06,2026-04-06,8,66.33,44.75,89.98,57.21,68.5,4.18,False
2026-10-06,pre_dam,2026-10-05T13:01:31.344941+00:00,2026-05-06,2026-04-06,9,56.07,43.35,66.93,47.53,72.27,4.76,False
2026-10-06,pre_dam,2026-10-05T13:01:31.344941+00:00,2026-05-06,2026-04-06,10,44.41,37.01,56.06,45.39,58.08,4.75,False
2026-10-06,pre_dam,2026-10-05T13:01:31.344941+00:00,2026-05-06,2026-04-06,11,42.68,33.59,45.48,40.97,45.54,4.58,False
2026-10-06,pre_dam,2026-10-05T13:01:31.344941+00:00,2026-05-06,2026-04-06,12,42.1,34.63,44.39,39.68,45.46,4.43,False
2026-10-06,pre_dam,2026-10-05T13:01:31.344941+00:00,2026-05-06,2026-04-06,13,41.42,35.79,43.37,39.6,45.47,4.91,False
2026-10-06,pre_dam,2026-10-05T13:01:31.344941+00:00,2026-05-06,2026-04-06,14,38.91,33.36,42.9,39.21,34.52,4.51,False
2026-10-06,pre_dam,2026-10-05T13:01:31.344941+00:00,2026-05-06,2026-04-06,15,38.64,31.29,42.96,32.56,37.15,5.94,False
2026-10-06,pre_dam,2026-10-05T13:01:31.344941+00:00,2026-05-06,2026-04-06,16,42.06,33.84,48.39,35.19,37.02,7.18,False
2026-10-06,pre_dam,2026-10-05T13:01:31.344941+00:00,2026-05-06,2026-04-06,17,56.95,46.19,69.03,43.84,45.43,7.04,False
2026-10-06,pre_dam,2026-10-05T13:01:31.344941+00:00,2026-05-06,2026-04-06,18,68.51,54.49,80.37,50.69,71.06,7.28,False
2026-10-06,pre_dam,2026-10-05T13:01:31.344941+00:00,2026-05-06,2026-04-06,19,82.34,57.02,93.13,62.38,70.82,8.25,False
2026-10-06,pre_dam,2026-10-05T13:01:31.344941+00:00,2026-05-06,2026-04-06,20,62.84,51.71,65.9,70.7,69.93,6.1,False
2026-10-06,pre_dam,2026-10-05T13:01:31.344941+00:00,2026-05-06,2026-04-06,21,53.03,45.55,57.44,53.94,45.99,4.3,False
2026-10-06,pre_dam,2026-10-05T13:01:31.344941+00:00,2026-05-06,2026-04-06,22,46.2,39.46,49.61,41.99,40.05,3.84,False
2026-10-06,pre_dam,2026-10-05T13:01:31.344941+00:00,2026-05-06,2026-04-06,23,40.92,37.06,45.73,36.38,33.44,2.83,False
2026-10-06,pre_dam,2026-10-05T13:01:31.344941+00:00,2026-05-06,2026-04-06,24,36.66,31.17,39.54,34.69,28.59,3.26,False
2026-10-07,pre_dam,2026-10-06T13:01:44.814148+00:00,2025-05-23,2025-05-21,1,29.23,25.96,36.48,0.0,1.0,3.9,False
2026-10-07,pre_dam,2026-10-06T13:01:44.814148+00:00,2025-05-23,2025-05-21,2,30.13,24.93,34.98,5.76,5.21,3.78,False
2026-10-07,pre_dam,2026-10-06T13:01:44.814148+00:00,2025-05-23,2025-05-21,3,28.23,22.37,33.09,6.78,3.07,3.27,False
2026-10-07,pre_dam,2026-10-06T13:01:44.814148+00:00,2025-05-23,2025-05-21,4,28.08,22.54,32.84,7.07,4.99,3.18,False
2026-10-07,pre_dam,2026-10-06T13:01:44.814148+00:00,2025-05-23,2025-05-21,5,36.53,28.05,41.94,14.3,5.7,3.81,False
2026-10-07,pre_dam,2026-10-06T13:01:44.814148+00:00,2025-05-23,2025-05-21,6,46.55,36.76,54.01,23.23,6.27,4.94,False
2026-10-07,pre_dam,2026-10-06T13:01:44.814148+00:00,2025-05-23,2025-05-21,7,55.71,40.77,68.45,26.64,19.36,4.92,False
2026-10-07,pre_dam,2026-10-06T13:01:44.814148+00:00,2025-05-23,2025-05-21,8,47.23,40.0,52.09,34.62,38.07,4.07,False
2026-10-07,pre_dam,2026-10-06T13:01:44.814148+00:00,2025-05-23,2025-05-21,9,42.33,34.91,47.33,29.42,34.04,4.63,False
2026-10-07,pre_dam,2026-10-06T13:01:44.814148+00:00,2025-05-23,2025-05-21,10,37.79,33.01,40.79,35.0,24.04,4.71,False
2026-10-07,pre_dam,2026-10-06T13:01:44.814148+00:00,2025-05-23,2025-05-21,11,36.66,32.18,39.58,34.04,23.39,4.8,False
2026-10-07,pre_dam,2026-10-06T13:01:44.814148+00:00,2025-05-23,2025-05-21,12,35.98,32.99,39.91,33.98,27.95,4.35,False
2026-10-07,pre_dam,2026-10-06T13:01:44.814148+00:00,2025-05-23,2025-05-21,13,36.78,31.43,41.77,36.77,23.93,5.18,False
2026-10-07,pre_dam,2026-10-06T13:01:44.814148+00:00,2025-05-23,2025-05-21,14,38.08,31.5,42.22,35.37,28.18,4.57,False
2026-10-07,pre_dam,2026-10-06T13:01:44.814148+00:00,2025-05-23,2025-05-21,15,39.99,32.66,43.12,34.53,21.0,5.42,False
2026-10-07,pre_dam,2026-10-06T13:01:44.814148+00:00,2025-05-23,2025-05-21,16,45.62,36.71,48.58,40.09,23.69,6.94,False
2026-10-07,pre_dam,2026-10-06T13:01:44.814148+00:00,2025-05-23,2025-05-21,17,61.38,46.23,69.3,36.54,37.77,6.78,False
2026-10-07,pre_dam,2026-10-06T13:01:44.814148+00:00,2025-05-23,2025-05-21,18,70.1,56.81,81.7,36.38,56.52,7.24,False
2026-10-07,pre_dam,2026-10-06T13:01:44.814148+00:00,2025-05-23,2025-05-21,19,75.11,57.91,84.0,57.58,57.78,8.42,False
2026-10-07,pre_dam,2026-10-06T13:01:44.814148+00:00,2025-05-23,2025-05-21,20,66.36,51.51,73.5,57.6,58.74,7.35,False
2026-10-07,pre_dam,2026-10-06T13:01:44.814148+00:00,2025-05-23,2025-05-21,21,52.12,40.39,55.66,57.22,56.96,4.95,False
2026-10-07,pre_dam,2026-10-06T13:01:44.814148+00:00,2025-05-23,2025-05-21,22,44.64,35.83,47.84,36.01,25.78,4.01,False
2026-10-07,pre_dam,2026-10-06T13:01:44.814148+00:00,2025-05-23,2025-05-21,23,39.34,33.49,42.62,14.58,16.43,3.13,False
2026-10-07,pre_dam,2026-10-06T13:01:44.814148+00:00,2025-05-23,2025-05-21,24,38.24,33.93,38.72,14.6,10.68,3.58,False
2026-10-08,pre_dam,2026-10-07T13:01:31.830946+00:00,2025-10-08,2025-05-21,1,33.79,28.01,35.33,37.76,1.0,4.54,False
2026-10-08,pre_dam,2026-10-07T13:01:31.830946+00:00,2025-10-08,2025-05-21,2,32.99,27.97,35.25,37.86,5.21,4.15,False
2026-10-08,pre_dam,2026-10-07T13:01:31.830946+00:00,2025-10-08,2025-05-21,3,32.99,27.76,35.09,41.64,3.07,3.71,False
2026-10-08,pre_dam,2026-10-07T13:01:31.830946+00:00,2025-10-08,2025-05-21,4,31.77,28.0,35.11,36.88,4.99,3.52,False
2026-10-08,pre_dam,2026-10-07T13:01:31.830946+00:00,2025-10-08,2025-05-21,5,33.9,29.67,36.17,37.3,5.7,4.47,False
2026-10-08,pre_dam,2026-10-07T13:01:31.830946+00:00,2025-10-08,2025-05-21,6,41.01,35.23,46.34,42.23,6.27,4.97,False
2026-10-08,pre_dam,2026-10-07T13:01:31.830946+00:00,2025-10-08,2025-05-21,7,53.64,40.6,61.38,91.84,19.36,4.36,False
2026-10-08,pre_dam,2026-10-07T13:01:31.830946+00:00,2025-10-08,2025-05-21,8,48.84,39.45,54.81,86.17,38.07,4.64,False
2026-10-08,pre_dam,2026-10-07T13:01:31.830946+00:00,2025-10-08,2025-05-21,9,42.82,38.18,47.91,64.17,34.04,4.73,False
2026-10-08,pre_dam,2026-10-07T13:01:31.830946+00:00,2025-10-08,2025-05-21,10,38.39,35.05,41.45,63.77,24.04,5.37,False
2026-10-08,pre_dam,2026-10-07T13:01:31.830946+00:00,2025-10-08,2025-05-21,11,36.99,33.68,40.63,55.13,23.39,4.82,False
2026-10-08,pre_dam,2026-10-07T13:01:31.830946+00:00,2025-10-08,2025-05-21,12,35.88,34.78,40.11,56.06,27.95,4.45,False
2026-10-08,pre_dam,2026-10-07T13:01:31.830946+00:00,2025-10-08,2025-05-21,13,37.94,34.26,43.96,50.17,23.93,5.39,False
2026-10-08,pre_dam,2026-10-07T13:01:31.830946+00:00,2025-10-08,2025-05-21,14,39.11,33.89,44.72,41.25,28.18,5.41,False
2026-10-08,pre_dam,2026-10-07T13:01:31.830946+00:00,2025-10-08,2025-05-21,15,40.34,33.86,45.86,40.31,21.0,5.63,False
2026-10-08,pre_dam,2026-10-07T13:01:31.830946+00:00,2025-10-08,2025-05-21,16,46.03,36.66,53.84,36.6,23.69,7.06,False
2026-10-08,pre_dam,2026-10-07T13:01:31.830946+00:00,2025-10-08,2025-05-21,17,55.98,44.89,68.14,72.72,37.77,6.85,False
2026-10-08,pre_dam,2026-10-07T13:01:31.830946+00:00,2025-10-08,2025-05-21,18,68.59,51.72,81.93,100.91,56.52,7.55,False
2026-10-08,pre_dam,2026-10-07T13:01:31.830946+00:00,2025-10-08,2025-05-21,19,76.15,59.46,91.15,104.75,57.78,8.45,False
2026-10-08,pre_dam,2026-10-07T13:01:31.830946+00:00,2025-10-08,2025-05-21,20,66.27,54.62,73.62,63.15,58.74,7.16,False
2026-10-08,pre_dam,2026-10-07T13:01:31.830946+00:00,2025-10-08,2025-05-21,21,54.36,41.95,59.42,42.62,56.96,5.12,False
2026-10-08,pre_dam,2026-10-07T13:01:31.830946+00:00,2025-10-08,2025-05-21,22,44.1,38.05,48.87,38.4,25.78,4.08,False
2026-10-08,pre_dam,2026-10-07T13:01:31.830946+00:00,2025-10-08,2025-05-21,23,42.18,35.26,47.76,39.1,16.43,3.41,False
2026-10-08,pre_dam,2026-10-07T13:01:31.830946+00:00,2025-10-08,2025-05-21,24,38.56,34.63,41.28,35.44,10.68,3.91,False
