hour,predicted_lmp,p10,p90,analog_lmp,analog_lmp_2
1,43.4,35.72,44.84,36.06,14.5
2,45.78,36.73,49.44,45.01,16.83
3,44.39,36.2,47.45,44.32,14.55
4,44.39,37.23,49.04,44.42,15.24
5,48.12,38.43,51.36,48.39,24.75
6,57.52,41.82,65.71,53.06,24.85
7,59.24,43.69,69.42,58.21,32.85
8,62.2,47.93,69.01,54.85,37.15
9,61.88,44.74,71.35,49.55,38.32
10,63.74,45.75,63.76,49.76,38.71
11,59.16,44.1,60.37,50.71,42.17
12,64.19,47.7,68.22,58.1,42.18
13,65.67,48.43,70.63,62.42,43.45
14,69.29,52.4,77.59,74.97,41.95
15,67.86,52.22,75.67,71.27,42.89
16,78.32,65.37,89.31,88.26,40.48
17,88.46,73.37,98.32,97.33,50.74
18,79.98,67.84,91.39,95.71,50.55
19,93.17,73.74,96.8,102.99,42.54
20,79.79,65.9,91.28,92.0,50.61
21,71.0,57.26,79.07,69.22,46.55
22,56.93,43.97,66.89,53.43,33.03
23,51.12,40.17,53.63,44.52,28.74
24,49.5,39.58,50.48,45.77,25.8
