date,hour,resource_name,resource_type,energy_mw,lmp_dam,lmp_rtm,spread,pnl
2026-06-03,3,OTTAWA_OFFER:HUB,GEN,0.0,15.28,21.151666666666667,-5.871666666666668,-0.0
2026-06-03,4,OTTAWA_OFFER:HUB,GEN,0.0,14.71,5.7491666666666665,8.960833333333333,0.0
2026-06-03,5,OTTAWA_OFFER:HUB,GEN,0.0,15.3,7.553333333333334,7.746666666666667,0.0
2026-06-04,17,OTTAWA_BID:HUB,LD,-1.0,66.99,72.435,-5.445000000000007,5.445000000000007
2026-06-09,19,OTTAWA_BID:HUB,LD,-1.0,78.22,63.79333333333333,14.42666666666667,-14.42666666666667
2026-06-09,20,OTTAWA_BID:HUB,LD,-1.0,64.44,60.60666666666666,3.8333333333333357,-3.8333333333333357
2026-06-11,17,OTTAWA_BID:HUB,LD,0.0,175.09,54.145,120.945,0.0
2026-06-11,18,OTTAWA_BID:HUB,LD,0.0,228.62,85.55416666666667,143.06583333333333,0.0
2026-06-23,17,OTTAWA_BID:HUB,LD,-2.0,63.02,38.336666666666666,24.683333333333337,-49.366666666666674
2026-06-29,16,OTTAWA_BID:HUB,LD,-1.0,109.32,171.92499999999998,-62.60499999999999,62.60499999999999
2026-06-29,17,OTTAWA_BID:HUB,LD,-0.6,147.36,85.31416666666667,62.04583333333335,-37.227500000000006
2026-06-30,16,OTTAWA_BID:HUB,LD,-1.0,137.02,88.43666666666667,48.58333333333334,-48.58333333333334
2026-06-30,17,OTTAWA_BID:HUB,LD,-1.0,156.97,59.475,97.495,-97.495
2026-06-30,18,OTTAWA_BID:HUB,LD,-1.0,198.11,59.88333333333333,138.2266666666667,-138.2266666666667
2026-06-30,19,OTTAWA_BID:HUB,LD,0.0,240.01,434.9058333333333,-194.89583333333331,-0.0
2026-07-01,10,OTTAWA_BID:HUB,LD,-1.0,96.96,198.53416666666664,-101.57416666666664,101.57416666666664
2026-07-01,11,OTTAWA_BID:HUB,LD,-1.0,167.43,77.46583333333332,89.96416666666669,-89.96416666666669
2026-07-01,12,OTTAWA_BID:HUB,LD,0.0,221.84,251.65416666666667,-29.814166666666665,-0.0
2026-07-01,13,OTTAWA_BID:HUB,LD,0.0,228.58,223.9825,4.597500000000025,0.0
2026-07-02,1,OTTAWA_BID:HUB,LD,-1.0,54.26,47.66416666666667,6.595833333333331,-6.595833333333331
2026-07-02,2,OTTAWA_BID:HUB,LD,-1.0,57.73,42.77333333333333,14.956666666666663,-14.956666666666663
2026-07-02,12,OTTAWA_BID:HUB,LD,-1.0,233.73,139.75666666666666,93.97333333333333,-93.97333333333333
2026-07-02,15,OTTAWA_BID:HUB,LD,0.0,304.18,206.3058333333333,97.8741666666667,0.0
2026-07-03,12,OTTAWA_BID:HUB,LD,-1.0,148.87,132.6225,16.247500000000002,-16.247500000000002
2026-07-03,13,OTTAWA_BID:HUB,LD,-1.0,185.23,127.39833333333333,57.83166666666666,-57.83166666666666
2026-07-04,12,OTTAWA_BID:HUB,LD,0.0,91.04,67.23083333333334,23.80916666666667,0.0
2026-07-04,15,OTTAWA_BID:HUB,LD,0.0,97.63,63.2375,34.3925,0.0
2026-07-04,17,OTTAWA_BID:HUB,LD,0.0,152.7,214.15916666666664,-61.45916666666665,-0.0
2026-07-05,15,OTTAWA_BID:HUB,LD,-1.0,61.89,69.16166666666668,-7.271666666666675,7.271666666666675
2026-07-05,17,OTTAWA_BID:HUB,LD,-1.0,88.3,61.435833333333335,26.864166666666662,-26.864166666666662
2026-07-07,14,OTTAWA_BID:HUB,LD,-1.0,74.39,63.86166666666667,10.528333333333329,-10.528333333333329
2026-07-07,15,OTTAWA_BID:HUB,LD,-1.0,76.71,52.13181818181818,24.57818181818181,-24.57818181818181
2026-07-08,16,OTTAWA_BID:HUB,LD,0.0,104.07,50.04916666666667,54.02083333333332,0.0
2026-07-09,1,OTTAWA_BID:HUB,LD,-1.0,41.17,64.59,-23.42,23.42
2026-07-09,2,OTTAWA_BID:HUB,LD,-1.0,39.18,50.998333333333335,-11.818333333333335,11.818333333333335
2026-07-09,11,OTTAWA_BID:HUB,LD,-0.8,80.03,50.79416666666666,29.23583333333334,-23.388666666666673
2026-07-10,8,OTTAWA_BID:HUB,LD,-1.0,73.61,45.35666666666666,28.253333333333337,-28.253333333333337
2026-07-10,10,OTTAWA_BID:HUB,LD,0.0,84.56,39.91416666666667,44.645833333333336,0.0
2026-07-10,11,OTTAWA_BID:HUB,LD,-1.0,88.24,48.20666666666667,40.033333333333324,-40.033333333333324
2026-07-10,21,OTTAWA_BID:HUB,LD,-1.0,97.58,58.78666666666667,38.79333333333333,-38.79333333333333
2026-07-10,23,OTTAWA_BID:HUB,LD,-1.0,69.74,80.8975,-11.157499999999999,11.157499999999999
2026-07-11,1,OTTAWA_BID:HUB,LD,-1.0,51.27,50.6775,0.5925000000000011,-0.5925000000000011
2026-07-11,10,OTTAWA_BID:HUB,LD,-1.0,52.36,111.36,-59.0,59.0
2026-07-11,11,OTTAWA_BID:HUB,LD,-1.0,57.54,81.80499999999999,-24.264999999999993,24.264999999999993
2026-07-11,12,OTTAWA_BID:HUB,LD,-1.0,63.76,84.82916666666667,-21.069166666666668,21.069166666666668
2026-07-11,19,OTTAWA_BID:HUB,LD,-1.0,93.21,60.98500000000001,32.22499999999999,-32.22499999999999
2026-07-11,23,OTTAWA_BID:HUB,LD,-1.0,57.07,56.67249999999999,0.39750000000000796,-0.39750000000000796
2026-07-12,1,OTTAWA_BID:HUB,LD,-1.0,40.19,36.26,3.9299999999999997,-3.9299999999999997
2026-07-12,2,OTTAWA_BID:HUB,LD,-1.0,35.71,31.219166666666663,4.490833333333338,-4.490833333333338
2026-07-12,13,OTTAWA_BID:HUB,LD,-1.0,60.74,76.92833333333333,-16.188333333333325,16.188333333333325
2026-07-12,17,OTTAWA_BID:HUB,LD,-1.0,91.68,86.70666666666666,4.973333333333343,-4.973333333333343
2026-07-12,18,OTTAWA_BID:HUB,LD,-1.0,102.45,74.26166666666667,28.188333333333333,-28.188333333333333
2026-07-12,24,OTTAWA_BID:HUB,LD,-1.0,45.29,45.09666666666666,0.19333333333334224,-0.19333333333334224
2026-07-13,1,OTTAWA_BID:HUB,LD,-1.0,36.76,40.855,-4.094999999999999,4.094999999999999
2026-07-13,2,OTTAWA_BID:HUB,LD,-1.0,35.23,32.445,2.7849999999999966,-2.7849999999999966
2026-07-13,24,OTTAWA_BID:HUB,LD,-1.0,63.41,44.586666666666666,18.82333333333333,-18.82333333333333
2026-07-14,1,OTTAWA_BID:HUB,LD,-1.0,50.28,30.77416666666667,19.50583333333333,-19.50583333333333
2026-07-14,2,OTTAWA_BID:HUB,LD,-1.0,44.42,26.5675,17.852500000000003,-17.852500000000003
2026-07-14,12,OTTAWA_OFFER:HUB,GEN,0.0,130.61,52.58583333333333,78.02416666666667,0.0
2026-07-14,24,OTTAWA_BID:HUB,LD,-1.0,85.37,74.24666666666667,11.123333333333335,-11.123333333333335
2026-07-15,12,OTTAWA_OFFER:HUB,GEN,1.0,184.62,70.47916666666667,114.14083333333333,114.14083333333333
2026-07-15,17,OTTAWA_BID:HUB,LD,0.0,173.72,28.19333333333333,145.52666666666667,0.0
2026-07-16,11,OTTAWA_OFFER:HUB,GEN,0.0,90.69,111.81083333333332,-21.120833333333323,-0.0
2026-07-16,17,OTTAWA_OFFER:HUB,GEN,0.0,100.42,91.78416666666668,8.635833333333323,0.0
2026-07-17,1,OTTAWA_BID:HUB,LD,-1.0,41.27,42.25416666666667,-0.9841666666666669,0.9841666666666669
2026-07-17,5,OTTAWA_BID:HUB,LD,-1.0,33.61,43.8825,-10.2725,10.2725
2026-07-17,13,OTTAWA_BID:HUB,LD,0.0,71.16,87.68166666666667,-16.521666666666675,-0.0
2026-07-17,14,OTTAWA_BID:HUB,LD,-1.0,70.14,105.16416666666667,-35.02416666666667,35.02416666666667
2026-07-18,14,OTTAWA_BID:HUB,LD,0.0,62.36,57.80083333333334,4.559166666666663,0.0
2026-07-18,17,OTTAWA_BID:HUB,LD,-1.0,62.07,47.7875,14.282499999999999,-14.282499999999999
2026-07-18,20,OTTAWA_BID:HUB,LD,-1.0,51.76,36.59,15.169999999999995,-15.169999999999995
2026-07-19,13,OTTAWA_BID:HUB,LD,-1.0,40.69,42.0975,-1.4074999999999989,1.4074999999999989
2026-07-19,14,OTTAWA_BID:HUB,LD,-1.0,40.61,40.8875,-0.2775000000000034,0.2775000000000034
2026-07-19,17,OTTAWA_BID:HUB,LD,-1.0,55.77,66.665,-10.895000000000003,10.895000000000003
2026-07-20,17,OTTAWA_BID:HUB,LD,-1.0,69.94,174.56833333333336,-104.62833333333336,104.62833333333336
2026-07-20,18,OTTAWA_BID:HUB,LD,-1.0,73.62,64.5425,9.0775,-9.0775
2026-07-21,8,OTTAWA_BID:HUB,LD,-1.0,35.93,51.19416666666667,-15.264166666666668,15.264166666666668
2026-07-21,9,OTTAWA_BID:HUB,LD,-1.0,38.99,38.3825,0.6075000000000017,-0.6075000000000017
2026-07-21,14,OTTAWA_BID:HUB,LD,-1.0,56.69,38.39333333333334,18.29666666666666,-18.29666666666666
2026-07-21,21,OTTAWA_BID:HUB,LD,-1.0,50.13,68.98916666666666,-18.85916666666666,18.85916666666666
2026-07-22,12,OTTAWA_BID:HUB,LD,-1.0,39.78,17.036666666666665,22.743333333333336,-22.743333333333336
2026-07-22,17,OTTAWA_BID:HUB,LD,-1.0,51.2,37.877500000000005,13.322499999999998,-13.322499999999998
2026-07-22,18,OTTAWA_BID:HUB,LD,-1.0,52.92,43.01083333333333,9.909166666666671,-9.909166666666671
2026-07-23,12,OTTAWA_BID:HUB,LD,-1.0,40.05,36.123333333333335,3.9266666666666623,-3.9266666666666623
2026-07-23,17,OTTAWA_BID:HUB,LD,-1.0,57.08,36.96833333333333,20.11166666666667,-20.11166666666667
2026-07-23,18,OTTAWA_BID:HUB,LD,-1.0,58.42,48.90083333333333,9.51916666666667,-9.51916666666667
2026-07-23,19,OTTAWA_BID:HUB,LD,-1.0,63.63,58.28583333333333,5.344166666666673,-5.344166666666673
2026-07-24,16,OTTAWA_BID:HUB,LD,-1.0,53.42,56.365,-2.9450000000000003,2.9450000000000003
2026-07-25,18,OTTAWA_BID:HUB,LD,-1.0,74.64,65.3725,9.267499999999998,-9.267499999999998
2026-07-25,19,OTTAWA_BID:HUB,LD,-1.0,75.21,70.20166666666667,5.008333333333326,-5.008333333333326
2026-07-26,11,OTTAWA_BID:HUB,LD,-1.0,42.77,69.065,-26.294999999999995,26.294999999999995
2026-07-26,13,OTTAWA_BID:HUB,LD,-1.0,53.72,82.2625,-28.542500000000004,28.542500000000004
2026-07-26,18,OTTAWA_BID:HUB,LD,0.0,90.33,100.1325,-9.802499999999995,-0.0
2026-07-26,19,OTTAWA_BID:HUB,LD,0.0,85.92,104.3775,-18.457499999999996,-0.0
2026-07-27,13,OTTAWA_BID:HUB,LD,0.0,99.84,116.42833333333331,-16.58833333333331,-0.0
2026-07-30,9,OTTAWA_BID:HUB,LD,-1.0,45.94,43.95249999999999,1.9875000000000043,-1.9875000000000043
2026-07-30,11,OTTAWA_BID:HUB,LD,-1.0,55.99,39.91916666666667,16.070833333333333,-16.070833333333333
2026-07-30,14,OTTAWA_BID:HUB,LD,-1.0,71.27,61.34916666666667,9.920833333333327,-9.920833333333327
2026-07-30,23,OTTAWA_BID:HUB,LD,0.0,53.99,48.35416666666666,5.635833333333345,0.0
2026-07-31,19,OTTAWA_BID:HUB,LD,-1.0,112.08,101.5275,10.552499999999995,-10.552499999999995
2026-07-31,20,OTTAWA_BID:HUB,LD,-1.0,84.51,71.92083333333333,12.58916666666667,-12.58916666666667
2026-08-01,1,OTTAWA_BID:HUB,LD,-1.0,40.01,62.189166666666665,-22.179166666666667,22.179166666666667
2026-08-01,2,OTTAWA_BID:HUB,LD,-1.0,35.9,36.09166666666667,-0.19166666666666998,0.19166666666666998
2026-08-01,12,OTTAWA_BID:HUB,LD,0.0,74.99,102.865,-27.875,-0.0
2026-08-01,13,OTTAWA_BID:HUB,LD,0.0,84.57,97.79416666666668,-13.22416666666669,-0.0
2026-08-02,12,OTTAWA_BID:HUB,LD,0.0,65.38,33.94416666666667,31.435833333333328,0.0
2026-08-02,13,OTTAWA_BID:HUB,LD,0.0,69.69,34.53666666666667,35.15333333333333,0.0
2026-08-02,21,OTTAWA_BID:HUB,LD,-1.0,46.73,28.246666666666663,18.483333333333334,-18.483333333333334
2026-08-03,13,OTTAWA_BID:HUB,LD,-1.0,51.12,34.71333333333333,16.406666666666666,-16.406666666666666
2026-08-03,14,OTTAWA_BID:HUB,LD,-1.0,54.77,39.07416666666666,15.69583333333334,-15.69583333333334
2026-08-04,11,OTTAWA_BID:HUB,LD,-1.0,40.57,31.889166666666668,8.680833333333332,-8.680833333333332
2026-08-04,12,OTTAWA_BID:HUB,LD,-1.0,58.28,32.35666666666667,25.923333333333332,-25.923333333333332
2026-08-04,23,OTTAWA_BID:HUB,LD,0.0,69.08,41.39166666666667,27.688333333333325,0.0
2026-08-07,1,OTTAWA_BID:HUB,LD,0.0,64.16,148.1675,-84.0075,-0.0
2026-08-07,2,OTTAWA_BID:HUB,LD,0.0,56.19,70.37666666666667,-14.186666666666667,-0.0
2026-08-08,1,OTTAWA_BID:HUB,LD,-1.0,50.97,151.43333333333334,-100.46333333333334,100.46333333333334
2026-08-08,2,OTTAWA_BID:HUB,LD,-1.0,44.27,69.6975,-25.427500000000002,25.427500000000002
2026-08-09,1,OTTAWA_BID:HUB,LD,-1.0,43.66,41.689166666666665,1.9708333333333314,-1.9708333333333314
2026-08-09,2,OTTAWA_BID:HUB,LD,-1.0,42.82,33.925000000000004,8.894999999999996,-8.894999999999996
2026-08-10,1,OTTAWA_BID:HUB,LD,-1.0,42.74,58.4075,-15.667499999999997,15.667499999999997
2026-08-14,1,OTTAWA_BID:HUB,LD,-1.0,46.75,64.2475,-17.497500000000002,17.497500000000002
2026-08-14,2,OTTAWA_BID:HUB,LD,-1.0,37.36,56.29833333333334,-18.93833333333334,18.93833333333334
2026-08-14,23,OTTAWA_BID:HUB,LD,0.0,82.85,106.07,-23.22,-0.0
2026-08-14,24,OTTAWA_BID:HUB,LD,-1.0,50.83,75.05333333333333,-24.22333333333333,24.22333333333333
2026-08-16,11,OTTAWA_BID:HUB,LD,-1.0,53.89,50.29416666666666,3.5958333333333385,-3.5958333333333385
2026-08-16,12,OTTAWA_BID:HUB,LD,0.0,69.34,53.47416666666667,15.865833333333335,0.0
2026-08-16,13,OTTAWA_BID:HUB,LD,0.0,81.78,52.74916666666667,29.030833333333334,0.0
2026-08-16,23,OTTAWA_BID:HUB,LD,-1.0,61.39,96.60583333333334,-35.215833333333336,35.215833333333336
2026-08-18,20,OTTAWA_BID:HUB,LD,-1.0,109.91,47.10999999999999,62.800000000000004,-62.800000000000004
2026-08-18,21,OTTAWA_BID:HUB,LD,-1.0,111.17,86.31083333333333,24.859166666666667,-24.859166666666667
2026-08-18,23,OTTAWA_BID:HUB,LD,0.0,84.01,75.73333333333333,8.27666666666667,0.0
2026-08-18,24,OTTAWA_BID:HUB,LD,-1.0,52.19,40.1375,12.052499999999995,-12.052499999999995
2026-08-19,1,OTTAWA_BID:HUB,LD,-1.0,46.36,49.16166666666667,-2.8016666666666694,2.8016666666666694
2026-08-19,11,OTTAWA_BID:HUB,LD,0.0,78.4,72.3475,6.052500000000009,0.0
2026-08-19,14,OTTAWA_BID:HUB,LD,0.0,88.69,107.93916666666668,-19.24916666666668,-0.0
2026-08-19,21,OTTAWA_BID:HUB,LD,0.0,96.14,49.26833333333334,46.87166666666666,0.0
2026-08-20,11,OTTAWA_BID:HUB,LD,-1.0,51.59,39.40166666666666,12.188333333333347,-12.188333333333347
2026-08-20,13,OTTAWA_BID:HUB,LD,-1.0,63.53,69.10916666666667,-5.579166666666666,5.579166666666666
2026-08-20,19,OTTAWA_BID:HUB,LD,-1.0,96.3,151.51083333333332,-55.210833333333326,55.210833333333326
2026-08-21,12,OTTAWA_BID:HUB,LD,-1.0,54.07,92.58333333333331,-38.513333333333314,38.513333333333314
2026-08-21,13,OTTAWA_BID:HUB,LD,-1.0,69.42,87.02916666666665,-17.609166666666653,17.609166666666653
2026-08-21,19,OTTAWA_BID:HUB,LD,0.0,91.8,73.7725,18.027500000000003,0.0
2026-08-22,11,OTTAWA_BID:HUB,LD,-1.0,53.05,34.11,18.939999999999998,-18.939999999999998
2026-08-22,12,OTTAWA_BID:HUB,LD,-1.0,55.2,36.675,18.525000000000006,-18.525000000000006
2026-08-22,17,OTTAWA_BID:HUB,LD,0.0,87.97,61.7425,26.2275,0.0
2026-08-23,8,OTTAWA_BID:HUB,LD,-1.0,35.81,39.18083333333333,-3.37083333333333,3.37083333333333
2026-08-23,17,OTTAWA_BID:HUB,LD,-1.0,49.29,34.38916666666667,14.900833333333331,-14.900833333333331
2026-08-23,21,OTTAWA_BID:HUB,LD,-1.0,62.31,40.45333333333333,21.85666666666667,-21.85666666666667
2026-08-24,9,OTTAWA_BID:HUB,LD,-1.0,39.31,35.666666666666664,3.643333333333338,-3.643333333333338
2026-08-24,10,OTTAWA_BID:HUB,LD,-1.0,40.14,33.64333333333333,6.49666666666667,-6.49666666666667
2026-08-25,9,OTTAWA_BID:HUB,LD,-1.0,39.51,44.61083333333334,-5.100833333333341,5.100833333333341
2026-08-25,10,OTTAWA_BID:HUB,LD,-1.0,39.57,39.781666666666666,-0.211666666666666,0.211666666666666
2026-08-25,12,OTTAWA_BID:HUB,LD,-1.0,45.0,50.12083333333334,-5.120833333333337,5.120833333333337
2026-08-26,9,OTTAWA_BID:HUB,LD,-1.0,39.3,45.32,-6.020000000000003,6.020000000000003
2026-08-26,11,OTTAWA_BID:HUB,LD,-1.0,39.12,47.36666666666667,-8.24666666666667,8.24666666666667
2026-08-26,12,OTTAWA_BID:HUB,LD,-1.0,43.95,43.49333333333334,0.45666666666666345,-0.45666666666666345
