date,hour,resource_name,resource_type,energy_mw
2026-06-03,3,OTTAWA_OFFER:HUB,GEN,0.0
2026-06-03,4,OTTAWA_OFFER:HUB,GEN,0.0
2026-06-03,5,OTTAWA_OFFER:HUB,GEN,0.0
2026-06-04,17,OTTAWA_BID:HUB,LD,-1.0
2026-06-09,19,OTTAWA_BID:HUB,LD,-1.0
2026-06-09,20,OTTAWA_BID:HUB,LD,-1.0
2026-06-11,17,OTTAWA_BID:HUB,LD,0.0
2026-06-11,18,OTTAWA_BID:HUB,LD,0.0
2026-06-23,17,OTTAWA_BID:HUB,LD,-2.0
2026-06-29,16,OTTAWA_BID:HUB,LD,-1.0
2026-06-29,17,OTTAWA_BID:HUB,LD,-0.6
2026-06-30,16,OTTAWA_BID:HUB,LD,-1.0
2026-06-30,17,OTTAWA_BID:HUB,LD,-1.0
2026-06-30,18,OTTAWA_BID:HUB,LD,-1.0
2026-06-30,19,OTTAWA_BID:HUB,LD,0.0
2026-07-01,10,OTTAWA_BID:HUB,LD,-1.0
2026-07-01,11,OTTAWA_BID:HUB,LD,-1.0
2026-07-01,12,OTTAWA_BID:HUB,LD,0.0
2026-07-01,13,OTTAWA_BID:HUB,LD,0.0
2026-07-02,1,OTTAWA_BID:HUB,LD,-1.0
2026-07-02,2,OTTAWA_BID:HUB,LD,-1.0
2026-07-02,12,OTTAWA_BID:HUB,LD,-1.0
2026-07-02,15,OTTAWA_BID:HUB,LD,0.0
2026-07-03,12,OTTAWA_BID:HUB,LD,-1.0
2026-07-03,13,OTTAWA_BID:HUB,LD,-1.0
2026-07-04,12,OTTAWA_BID:HUB,LD,0.0
2026-07-04,15,OTTAWA_BID:HUB,LD,0.0
2026-07-04,17,OTTAWA_BID:HUB,LD,0.0
2026-07-05,15,OTTAWA_BID:HUB,LD,-1.0
2026-07-05,17,OTTAWA_BID:HUB,LD,-1.0
2026-07-07,14,OTTAWA_BID:HUB,LD,-1.0
2026-07-07,15,OTTAWA_BID:HUB,LD,-1.0
2026-07-08,16,OTTAWA_BID:HUB,LD,0.0
2026-07-09,1,OTTAWA_BID:HUB,LD,-1.0
2026-07-09,2,OTTAWA_BID:HUB,LD,-1.0
2026-07-09,11,OTTAWA_BID:HUB,LD,-0.8
2026-07-10,8,OTTAWA_BID:HUB,LD,-1.0
2026-07-10,10,OTTAWA_BID:HUB,LD,0.0
2026-07-10,11,OTTAWA_BID:HUB,LD,-1.0
2026-07-10,21,OTTAWA_BID:HUB,LD,-1.0
2026-07-10,23,OTTAWA_BID:HUB,LD,-1.0
2026-07-11,1,OTTAWA_BID:HUB,LD,-1.0
2026-07-11,10,OTTAWA_BID:HUB,LD,-1.0
2026-07-11,11,OTTAWA_BID:HUB,LD,-1.0
2026-07-11,12,OTTAWA_BID:HUB,LD,-1.0
2026-07-11,19,OTTAWA_BID:HUB,LD,-1.0
2026-07-11,23,OTTAWA_BID:HUB,LD,-1.0
2026-07-12,1,OTTAWA_BID:HUB,LD,-1.0
2026-07-12,2,OTTAWA_BID:HUB,LD,-1.0
2026-07-12,13,OTTAWA_BID:HUB,LD,-1.0
2026-07-12,17,OTTAWA_BID:HUB,LD,-1.0
2026-07-12,18,OTTAWA_BID:HUB,LD,-1.0
2026-07-12,24,OTTAWA_BID:HUB,LD,-1.0
2026-07-13,1,OTTAWA_BID:HUB,LD,-1.0
2026-07-13,2,OTTAWA_BID:HUB,LD,-1.0
2026-07-13,24,OTTAWA_BID:HUB,LD,-1.0
2026-07-14,1,OTTAWA_BID:HUB,LD,-1.0
2026-07-14,2,OTTAWA_BID:HUB,LD,-1.0
2026-07-14,12,OTTAWA_OFFER:HUB,GEN,0.0
2026-07-14,24,OTTAWA_BID:HUB,LD,-1.0
2026-07-15,12,OTTAWA_OFFER:HUB,GEN,1.0
2026-07-15,17,OTTAWA_BID:HUB,LD,0.0
2026-07-16,11,OTTAWA_OFFER:HUB,GEN,0.0
2026-07-16,17,OTTAWA_OFFER:HUB,GEN,0.0
2026-07-17,1,OTTAWA_BID:HUB,LD,-1.0
2026-07-17,5,OTTAWA_BID:HUB,LD,-1.0
2026-07-17,13,OTTAWA_BID:HUB,LD,0.0
2026-07-17,14,OTTAWA_BID:HUB,LD,-1.0
2026-07-18,14,OTTAWA_BID:HUB,LD,0.0
2026-07-18,17,OTTAWA_BID:HUB,LD,-1.0
2026-07-18,20,OTTAWA_BID:HUB,LD,-1.0
2026-07-19,13,OTTAWA_BID:HUB,LD,-1.0
2026-07-19,14,OTTAWA_BID:HUB,LD,-1.0
2026-07-19,17,OTTAWA_BID:HUB,LD,-1.0
2026-07-20,17,OTTAWA_BID:HUB,LD,-1.0
2026-07-20,18,OTTAWA_BID:HUB,LD,-1.0
2026-07-21,8,OTTAWA_BID:HUB,LD,-1.0
2026-07-21,9,OTTAWA_BID:HUB,LD,-1.0
2026-07-21,14,OTTAWA_BID:HUB,LD,-1.0
2026-07-21,21,OTTAWA_BID:HUB,LD,-1.0
2026-07-22,12,OTTAWA_BID:HUB,LD,-1.0
2026-07-22,17,OTTAWA_BID:HUB,LD,-1.0
2026-07-22,18,OTTAWA_BID:HUB,LD,-1.0
2026-07-23,12,OTTAWA_BID:HUB,LD,-1.0
2026-07-23,17,OTTAWA_BID:HUB,LD,-1.0
2026-07-23,18,OTTAWA_BID:HUB,LD,-1.0
2026-07-23,19,OTTAWA_BID:HUB,LD,-1.0
2026-07-24,16,OTTAWA_BID:HUB,LD,-1.0
2026-07-25,18,OTTAWA_BID:HUB,LD,-1.0
2026-07-25,19,OTTAWA_BID:HUB,LD,-1.0
2026-07-26,11,OTTAWA_BID:HUB,LD,-1.0
2026-07-26,13,OTTAWA_BID:HUB,LD,-1.0
2026-07-26,18,OTTAWA_BID:HUB,LD,0.0
2026-07-26,19,OTTAWA_BID:HUB,LD,0.0
2026-07-27,13,OTTAWA_BID:HUB,LD,0.0
2026-07-30,9,OTTAWA_BID:HUB,LD,-1.0
2026-07-30,11,OTTAWA_BID:HUB,LD,-1.0
2026-07-30,14,OTTAWA_BID:HUB,LD,-1.0
2026-07-30,23,OTTAWA_BID:HUB,LD,0.0
2026-07-31,19,OTTAWA_BID:HUB,LD,-1.0
2026-07-31,20,OTTAWA_BID:HUB,LD,-1.0
2026-08-01,1,OTTAWA_BID:HUB,LD,-1.0
2026-08-01,2,OTTAWA_BID:HUB,LD,-1.0
2026-08-01,12,OTTAWA_BID:HUB,LD,0.0
2026-08-01,13,OTTAWA_BID:HUB,LD,0.0
2026-08-02,12,OTTAWA_BID:HUB,LD,0.0
2026-08-02,13,OTTAWA_BID:HUB,LD,0.0
2026-08-02,21,OTTAWA_BID:HUB,LD,-1.0
2026-08-03,13,OTTAWA_BID:HUB,LD,-1.0
2026-08-03,14,OTTAWA_BID:HUB,LD,-1.0
2026-08-04,11,OTTAWA_BID:HUB,LD,-1.0
2026-08-04,12,OTTAWA_BID:HUB,LD,-1.0
2026-08-04,23,OTTAWA_BID:HUB,LD,0.0
2026-08-07,1,OTTAWA_BID:HUB,LD,0.0
2026-08-07,2,OTTAWA_BID:HUB,LD,0.0
2026-08-08,1,OTTAWA_BID:HUB,LD,-1.0
2026-08-08,2,OTTAWA_BID:HUB,LD,-1.0
2026-08-09,1,OTTAWA_BID:HUB,LD,-1.0
2026-08-09,2,OTTAWA_BID:HUB,LD,-1.0
2026-08-10,1,OTTAWA_BID:HUB,LD,-1.0
2026-08-14,1,OTTAWA_BID:HUB,LD,-1.0
2026-08-14,2,OTTAWA_BID:HUB,LD,-1.0
2026-08-14,23,OTTAWA_BID:HUB,LD,0.0
2026-08-14,24,OTTAWA_BID:HUB,LD,-1.0
2026-08-16,11,OTTAWA_BID:HUB,LD,-1.0
2026-08-16,12,OTTAWA_BID:HUB,LD,0.0
2026-08-16,13,OTTAWA_BID:HUB,LD,0.0
2026-08-16,23,OTTAWA_BID:HUB,LD,-1.0
2026-08-18,20,OTTAWA_BID:HUB,LD,-1.0
2026-08-18,21,OTTAWA_BID:HUB,LD,-1.0
2026-08-18,23,OTTAWA_BID:HUB,LD,0.0
2026-08-18,24,OTTAWA_BID:HUB,LD,-1.0
2026-08-19,1,OTTAWA_BID:HUB,LD,-1.0
2026-08-19,11,OTTAWA_BID:HUB,LD,0.0
2026-08-19,14,OTTAWA_BID:HUB,LD,0.0
2026-08-19,21,OTTAWA_BID:HUB,LD,0.0
2026-08-20,11,OTTAWA_BID:HUB,LD,-1.0
2026-08-20,13,OTTAWA_BID:HUB,LD,-1.0
2026-08-20,19,OTTAWA_BID:HUB,LD,-1.0
2026-08-21,12,OTTAWA_BID:HUB,LD,-1.0
2026-08-21,13,OTTAWA_BID:HUB,LD,-1.0
2026-08-21,19,OTTAWA_BID:HUB,LD,0.0
2026-08-22,11,OTTAWA_BID:HUB,LD,-1.0
2026-08-22,12,OTTAWA_BID:HUB,LD,-1.0
2026-08-22,17,OTTAWA_BID:HUB,LD,0.0
2026-08-23,8,OTTAWA_BID:HUB,LD,-1.0
2026-08-23,17,OTTAWA_BID:HUB,LD,-1.0
2026-08-23,21,OTTAWA_BID:HUB,LD,-1.0
2026-08-24,9,OTTAWA_BID:HUB,LD,-1.0
2026-08-24,10,OTTAWA_BID:HUB,LD,-1.0
2026-08-25,9,OTTAWA_BID:HUB,LD,-1.0
2026-08-25,10,OTTAWA_BID:HUB,LD,-1.0
2026-08-25,12,OTTAWA_BID:HUB,LD,-1.0
2026-08-26,9,OTTAWA_BID:HUB,LD,-1.0
2026-08-26,11,OTTAWA_BID:HUB,LD,-1.0
2026-08-26,12,OTTAWA_BID:HUB,LD,-1.0
2026-08-27,11,OTTAWA_BID:HUB,LD,-1.0
2026-08-27,13,OTTAWA_BID:HUB,LD,-1.0
2026-08-27,17,OTTAWA_BID:HUB,LD,0.0
2026-08-28,7,OTTAWA_BID:HUB,LD,-1.0
2026-08-28,11,OTTAWA_BID:HUB,LD,-1.0
2026-08-28,16,OTTAWA_BID:HUB,LD,-1.0
2026-08-29,13,OTTAWA_BID:HUB,LD,-1.0
2026-08-29,14,OTTAWA_BID:HUB,LD,-1.0
2026-08-31,8,OTTAWA_BID:HUB,LD,-1.0
2026-08-31,11,OTTAWA_BID:HUB,LD,-1.0
2026-08-31,23,OTTAWA_BID:HUB,LD,-1.0
2026-09-01,8,OTTAWA_BID:HUB,LD,-1.0
2026-09-01,9,OTTAWA_BID:HUB,LD,-1.0
2026-09-02,1,OTTAWA_BID:HUB,LD,-2.0
2026-09-02,2,OTTAWA_BID:HUB,LD,-2.0
2026-09-02,8,OTTAWA_BID:HUB,LD,-1.0
2026-09-03,1,OTTAWA_BID:HUB,LD,0.0
2026-09-03,8,OTTAWA_BID:HUB,LD,-1.0
2026-09-03,23,OTTAWA_BID:HUB,LD,0.0
2026-09-04,7,OTTAWA_BID:HUB,LD,-1.0
2026-09-04,8,OTTAWA_BID:HUB,LD,-1.0
2026-09-04,22,OTTAWA_BID:HUB,LD,-1.0
2026-09-06,12,OTTAWA_BID:HUB,LD,-1.0
2026-09-06,19,OTTAWA_BID:HUB,LD,0.0
2026-09-06,20,OTTAWA_BID:HUB,LD,0.0
2026-09-07,11,OTTAWA_BID:HUB,LD,-1.0
2026-09-07,18,OTTAWA_BID:HUB,LD,-1.0
2026-09-07,20,OTTAWA_BID:HUB,LD,-1.0
2026-09-08,8,OTTAWA_BID:HUB,LD,-1.0
2026-09-08,11,OTTAWA_BID:HUB,LD,-1.0
2026-09-08,12,OTTAWA_BID:HUB,LD,-1.0
2026-09-09,9,OTTAWA_BID:HUB,LD,-1.0
2026-09-09,11,OTTAWA_BID:HUB,LD,-1.0
2026-09-09,17,OTTAWA_BID:HUB,LD,-1.0
2026-09-09,21,OTTAWA_BID:HUB,LD,-1.0
2026-09-10,1,OTTAWA_BID:HUB,LD,-1.0
2026-09-10,2,OTTAWA_BID:HUB,LD,-1.0
2026-09-10,5,OTTAWA_BID:HUB,LD,-1.0
2026-09-10,7,OTTAWA_BID:HUB,LD,-1.0
2026-09-10,17,OTTAWA_BID:HUB,LD,-1.0
2026-09-10,19,OTTAWA_BID:HUB,LD,0.0
2026-09-11,1,OTTAWA_BID:HUB,LD,-1.0
2026-09-11,11,OTTAWA_BID:HUB,LD,-1.0
2026-09-11,12,OTTAWA_BID:HUB,LD,-1.0
2026-09-11,17,OTTAWA_BID:HUB,LD,-1.0
2026-09-11,18,OTTAWA_BID:HUB,LD,-1.0
2026-09-12,11,OTTAWA_BID:HUB,LD,-1.0
2026-09-12,12,OTTAWA_BID:HUB,LD,-1.0
2026-09-12,14,OTTAWA_BID:HUB,LD,-1.0
2026-09-13,9,OTTAWA_BID:HUB,LD,-1.0
2026-09-13,10,OTTAWA_BID:HUB,LD,-1.0
2026-09-14,11,OTTAWA_BID:HUB,LD,-1.0
2026-09-14,12,OTTAWA_BID:HUB,LD,-1.0
2026-09-14,15,OTTAWA_BID:HUB,LD,-1.0
2026-09-14,16,OTTAWA_BID:HUB,LD,-1.0
2026-09-15,14,OTTAWA_BID:HUB,LD,-1.0
2026-09-15,15,OTTAWA_BID:HUB,LD,-1.0
2026-09-15,19,OTTAWA_BID:HUB,LD,-1.0
2026-09-15,20,OTTAWA_BID:HUB,LD,-1.0
2026-09-16,8,OTTAWA_BID:HUB,LD,-1.0
2026-09-16,9,OTTAWA_BID:HUB,LD,-1.0
2026-09-16,11,OTTAWA_BID:HUB,LD,-1.0
2026-09-16,16,OTTAWA_BID:HUB,LD,-1.0
2026-09-17,8,OTTAWA_BID:HUB,LD,0.0
2026-09-17,9,OTTAWA_BID:HUB,LD,0.0
2026-09-17,11,OTTAWA_BID:HUB,LD,0.0
2026-09-17,12,OTTAWA_BID:HUB,LD,0.0
2026-09-18,11,OTTAWA_BID:HUB,LD,-1.0
2026-09-18,12,OTTAWA_BID:HUB,LD,-1.0
2026-09-18,14,OTTAWA_BID:HUB,LD,-1.0
2026-09-18,15,OTTAWA_BID:HUB,LD,-1.0
2026-09-19,5,OTTAWA_BID:HUB,LD,-1.0
2026-09-19,14,OTTAWA_BID:HUB,LD,-1.0
2026-09-19,15,OTTAWA_BID:HUB,LD,-1.0
2026-09-19,17,OTTAWA_BID:HUB,LD,-1.0
2026-09-20,15,OTTAWA_BID:HUB,LD,-1.0
2026-09-20,16,OTTAWA_BID:HUB,LD,-1.0
2026-09-21,1,OTTAWA_BID:HUB,LD,-1.0
2026-09-21,6,OTTAWA_BID:HUB,LD,-1.0
2026-09-21,7,OTTAWA_BID:HUB,LD,-1.0
2026-09-21,17,OTTAWA_BID:HUB,LD,-1.0
2026-09-25,7,OTTAWA_BID:HUB,LD,-1.0
2026-09-25,14,OTTAWA_BID:HUB,LD,-1.0
2026-09-25,15,OTTAWA_BID:HUB,LD,-1.0
2026-09-25,20,OTTAWA_BID:HUB,LD,-1.0
2026-09-26,6,OTTAWA_BID:HUB,LD,-1.0
2026-09-26,11,OTTAWA_BID:HUB,LD,-1.0
2026-09-26,12,OTTAWA_BID:HUB,LD,-1.0
2026-09-26,14,OTTAWA_BID:HUB,LD,-1.0
2026-09-26,16,OTTAWA_BID:HUB,LD,-1.0
2026-09-27,9,OTTAWA_BID:HUB,LD,-1.0
2026-09-27,11,OTTAWA_BID:HUB,LD,-1.0
2026-09-27,12,OTTAWA_BID:HUB,LD,-1.0
2026-09-27,14,OTTAWA_BID:HUB,LD,-1.0
2026-09-28,8,OTTAWA_BID:HUB,LD,-1.0
2026-09-28,11,OTTAWA_BID:HUB,LD,-1.0
2026-09-28,16,OTTAWA_BID:HUB,LD,-1.0
2026-09-28,17,OTTAWA_BID:HUB,LD,-1.0
2026-09-28,23,OTTAWA_BID:HUB,LD,-1.0
2026-09-29,7,OTTAWA_BID:HUB,LD,-1.0
2026-09-29,12,OTTAWA_BID:HUB,LD,-1.0
2026-09-29,13,OTTAWA_BID:HUB,LD,-1.0
2026-09-30,6,OTTAWA_BID:HUB,LD,-1.0
2026-09-30,7,OTTAWA_BID:HUB,LD,-1.0
2026-09-30,12,OTTAWA_BID:HUB,LD,-1.0
2026-09-30,13,OTTAWA_BID:HUB,LD,-1.0
2026-09-30,21,OTTAWA_BID:HUB,LD,-1.0
2026-10-01,7,OTTAWA_BID:HUB,LD,-1.0
2026-10-01,9,OTTAWA_BID:HUB,LD,-1.0
2026-10-01,15,OTTAWA_BID:HUB,LD,-1.0
2026-10-01,21,OTTAWA_BID:HUB,LD,-1.0
2026-10-02,19,OTTAWA_OFFER:HUB,GEN,0.0
2026-10-03,8,OTTAWA_BID:HUB,LD,-1.0
2026-10-03,10,OTTAWA_BID:HUB,LD,-1.0
2026-10-03,13,OTTAWA_BID:HUB,LD,-1.0
2026-10-03,18,OTTAWA_BID:HUB,LD,-1.0
2026-10-04,2,OTTAWA_OFFER:HUB,GEN,1.0
2026-10-04,3,OTTAWA_OFFER:HUB,GEN,1.0
2026-10-04,24,OTTAWA_OFFER:HUB,GEN,1.0
2026-10-05,17,OTTAWA_BID:HUB,LD,-1.0
2026-10-05,18,OTTAWA_BID:HUB,LD,-1.0
2026-10-05,20,OTTAWA_BID:HUB,LD,-1.0
2026-10-05,21,OTTAWA_BID:HUB,LD,-1.0
2026-10-06,5,OTTAWA_BID:HUB,LD,-1.0
2026-10-06,17,OTTAWA_BID:HUB,LD,-1.0
2026-10-06,18,OTTAWA_BID:HUB,LD,-1.0
2026-10-07,7,OTTAWA_OFFER:HUB,GEN,1.0
2026-10-07,17,OTTAWA_BID:HUB,LD,0.0
