target_date,vintage,generated_at,analog_date,analog_date_2,hour,predicted_lmp,p10,p90,analog_lmp,analog_lmp_2,band_err
2026-09-24,post_dam,2026-09-23T22:23:53.380158+00:00,2025-10-01,2025-10-02,1,21.78,7.56,32.94,18.38,23.98,6.21
2026-09-24,post_dam,2026-09-23T22:23:53.380158+00:00,2025-10-01,2025-10-02,2,21.78,8.13,32.9,12.14,30.71,6.59
2026-09-24,post_dam,2026-09-23T22:23:53.380158+00:00,2025-10-01,2025-10-02,3,22.29,9.07,34.85,14.61,33.1,8.18
2026-09-24,post_dam,2026-09-23T22:23:53.380158+00:00,2025-10-01,2025-10-02,4,24.24,13.45,34.86,31.81,33.35,10.5
2026-09-24,post_dam,2026-09-23T22:23:53.380158+00:00,2025-10-01,2025-10-02,5,27.51,15.23,35.81,32.35,27.6,10.51
2026-09-24,post_dam,2026-09-23T22:23:53.380158+00:00,2025-10-01,2025-10-02,6,38.41,23.49,52.07,34.45,38.08,9.64
2026-09-24,post_dam,2026-09-23T22:23:53.380158+00:00,2025-10-01,2025-10-02,7,41.39,27.38,65.46,47.38,43.26,10.28
2026-09-24,post_dam,2026-09-23T22:23:53.380158+00:00,2025-10-01,2025-10-02,8,42.51,29.45,62.35,36.54,34.19,8.71
2026-09-24,post_dam,2026-09-23T22:23:53.380158+00:00,2025-10-01,2025-10-02,9,33.11,20.46,45.85,35.67,35.51,8.96
2026-09-24,post_dam,2026-09-23T22:23:53.380158+00:00,2025-10-01,2025-10-02,10,26.91,17.94,30.0,32.3,40.12,13.69
2026-09-24,post_dam,2026-09-23T22:23:53.380158+00:00,2025-10-01,2025-10-02,11,23.97,17.31,31.95,48.18,34.8,14.95
2026-09-24,post_dam,2026-09-23T22:23:53.380158+00:00,2025-10-01,2025-10-02,12,27.21,16.4,30.42,41.8,38.06,18.03
2026-09-24,post_dam,2026-09-23T22:23:53.380158+00:00,2025-10-01,2025-10-02,13,29.74,18.84,29.74,42.58,46.83,15.22
2026-09-24,post_dam,2026-09-23T22:23:53.380158+00:00,2025-10-01,2025-10-02,14,30.96,19.94,30.96,43.36,50.17,11.63
2026-09-24,post_dam,2026-09-23T22:23:53.380158+00:00,2025-10-01,2025-10-02,15,31.54,23.49,33.82,66.71,54.96,14.83
2026-09-24,post_dam,2026-09-23T22:23:53.380158+00:00,2025-10-01,2025-10-02,16,38.48,24.73,54.71,60.32,71.43,16.84
2026-09-24,post_dam,2026-09-23T22:23:53.380158+00:00,2025-10-01,2025-10-02,17,45.17,31.33,64.96,135.51,87.59,18.56
2026-09-24,post_dam,2026-09-23T22:23:53.380158+00:00,2025-10-01,2025-10-02,18,50.23,33.31,76.79,99.49,242.77,17.43
2026-09-24,post_dam,2026-09-23T22:23:53.380158+00:00,2025-10-01,2025-10-02,19,65.01,34.26,114.15,39.4,62.93,21.44
2026-09-24,post_dam,2026-09-23T22:23:53.380158+00:00,2025-10-01,2025-10-02,20,59.31,34.09,98.23,33.33,48.77,15.67
2026-09-24,post_dam,2026-09-23T22:23:53.380158+00:00,2025-10-01,2025-10-02,21,46.34,32.61,68.74,37.81,33.63,18.52
2026-09-24,post_dam,2026-09-23T22:23:53.380158+00:00,2025-10-01,2025-10-02,22,36.81,26.17,57.32,29.66,33.42,16.58
2026-09-24,post_dam,2026-09-23T22:23:53.380158+00:00,2025-10-01,2025-10-02,23,32.35,21.65,40.26,28.03,26.71,11.09
2026-09-24,post_dam,2026-09-23T22:23:53.380158+00:00,2025-10-01,2025-10-02,24,30.78,20.68,39.06,23.2,32.08,8.94
2026-09-24,pre_dam,2026-09-23T13:01:42.890426+00:00,2025-10-01,2025-10-02,1,20.54,9.98,29.08,18.38,23.98,4.83
2026-09-24,pre_dam,2026-09-23T13:01:42.890426+00:00,2025-10-01,2025-10-02,2,20.42,8.77,29.29,12.14,30.71,4.83
2026-09-24,pre_dam,2026-09-23T13:01:42.890426+00:00,2025-10-01,2025-10-02,3,19.73,9.6,30.79,14.61,33.1,6.67
2026-09-24,pre_dam,2026-09-23T13:01:42.890426+00:00,2025-10-01,2025-10-02,4,19.48,9.9,30.62,31.81,33.35,8.31
2026-09-24,pre_dam,2026-09-23T13:01:42.890426+00:00,2025-10-01,2025-10-02,5,25.92,17.88,33.77,32.35,27.6,9.13
2026-09-24,pre_dam,2026-09-23T13:01:42.890426+00:00,2025-10-01,2025-10-02,6,35.27,20.79,40.55,34.45,38.08,7.97
2026-09-24,pre_dam,2026-09-23T13:01:42.890426+00:00,2025-10-01,2025-10-02,7,37.6,27.85,50.34,47.38,43.26,9.31
2026-09-24,pre_dam,2026-09-23T13:01:42.890426+00:00,2025-10-01,2025-10-02,8,41.03,29.18,54.69,36.54,34.19,7.24
2026-09-24,pre_dam,2026-09-23T13:01:42.890426+00:00,2025-10-01,2025-10-02,9,32.52,21.8,43.94,35.67,35.51,10.06
2026-09-24,pre_dam,2026-09-23T13:01:42.890426+00:00,2025-10-01,2025-10-02,10,24.87,19.16,33.93,32.3,40.12,14.3
2026-09-24,pre_dam,2026-09-23T13:01:42.890426+00:00,2025-10-01,2025-10-02,11,23.9,18.81,35.14,48.18,34.8,14.5
2026-09-24,pre_dam,2026-09-23T13:01:42.890426+00:00,2025-10-01,2025-10-02,12,26.48,18.56,34.37,41.8,38.06,17.04
2026-09-24,pre_dam,2026-09-23T13:01:42.890426+00:00,2025-10-01,2025-10-02,13,26.94,19.81,27.94,42.58,46.83,14.71
2026-09-24,pre_dam,2026-09-23T13:01:42.890426+00:00,2025-10-01,2025-10-02,14,30.59,20.44,30.59,43.36,50.17,11.5
2026-09-24,pre_dam,2026-09-23T13:01:42.890426+00:00,2025-10-01,2025-10-02,15,31.12,22.32,31.12,66.71,54.96,14.98
2026-09-24,pre_dam,2026-09-23T13:01:42.890426+00:00,2025-10-01,2025-10-02,16,37.4,28.47,50.58,60.32,71.43,21.5
2026-09-24,pre_dam,2026-09-23T13:01:42.890426+00:00,2025-10-01,2025-10-02,17,44.8,31.45,60.41,135.51,87.59,20.65
2026-09-24,pre_dam,2026-09-23T13:01:42.890426+00:00,2025-10-01,2025-10-02,18,55.94,33.9,87.02,99.49,242.77,16.58
2026-09-24,pre_dam,2026-09-23T13:01:42.890426+00:00,2025-10-01,2025-10-02,19,56.96,34.37,87.55,39.4,62.93,17.43
2026-09-24,pre_dam,2026-09-23T13:01:42.890426+00:00,2025-10-01,2025-10-02,20,53.82,34.71,82.28,33.33,48.77,12.75
2026-09-24,pre_dam,2026-09-23T13:01:42.890426+00:00,2025-10-01,2025-10-02,21,45.07,31.11,67.88,37.81,33.63,18.37
2026-09-24,pre_dam,2026-09-23T13:01:42.890426+00:00,2025-10-01,2025-10-02,22,40.0,29.48,58.06,29.66,33.42,16.55
2026-09-24,pre_dam,2026-09-23T13:01:42.890426+00:00,2025-10-01,2025-10-02,23,29.8,21.54,34.59,28.03,26.71,9.72
2026-09-24,pre_dam,2026-09-23T13:01:42.890426+00:00,2025-10-01,2025-10-02,24,28.78,20.19,33.93,23.2,32.08,8.31
2026-09-25,post_dam,2026-09-24T22:34:50.313718+00:00,2025-10-03,2025-08-27,1,28.25,21.3,33.09,32.25,17.27,6.16
2026-09-25,post_dam,2026-09-24T22:34:50.313718+00:00,2025-10-03,2025-08-27,2,32.96,23.14,38.13,34.45,14.58,6.88
2026-09-25,post_dam,2026-09-24T22:34:50.313718+00:00,2025-10-03,2025-08-27,3,29.51,21.9,35.34,34.1,14.4,8.36
2026-09-25,post_dam,2026-09-24T22:34:50.313718+00:00,2025-10-03,2025-08-27,4,29.3,21.71,35.28,29.57,19.26,10.23
2026-09-25,post_dam,2026-09-24T22:34:50.313718+00:00,2025-10-03,2025-08-27,5,36.5,28.78,43.77,33.82,30.43,10.08
2026-09-25,post_dam,2026-09-24T22:34:50.313718+00:00,2025-10-03,2025-08-27,6,45.01,36.16,64.95,93.28,36.06,9.8
2026-09-25,post_dam,2026-09-24T22:34:50.313718+00:00,2025-10-03,2025-08-27,7,46.94,36.77,66.85,153.75,40.04,9.06
2026-09-25,post_dam,2026-09-24T22:34:50.313718+00:00,2025-10-03,2025-08-27,8,48.76,36.4,68.78,83.37,44.54,7.46
2026-09-25,post_dam,2026-09-24T22:34:50.313718+00:00,2025-10-03,2025-08-27,9,44.17,33.7,60.29,47.51,37.18,9.71
2026-09-25,post_dam,2026-09-24T22:34:50.313718+00:00,2025-10-03,2025-08-27,10,39.71,33.31,51.5,99.78,31.7,15.15
2026-09-25,post_dam,2026-09-24T22:34:50.313718+00:00,2025-10-03,2025-08-27,11,41.61,33.21,51.16,50.87,30.8,13.01
2026-09-25,post_dam,2026-09-24T22:34:50.313718+00:00,2025-10-03,2025-08-27,12,41.61,30.75,52.52,48.87,31.63,14.32
2026-09-25,post_dam,2026-09-24T22:34:50.313718+00:00,2025-10-03,2025-08-27,13,43.79,34.13,52.33,41.58,31.66,12.89
2026-09-25,post_dam,2026-09-24T22:34:50.313718+00:00,2025-10-03,2025-08-27,14,43.91,33.99,50.72,40.38,31.4,10.74
2026-09-25,post_dam,2026-09-24T22:34:50.313718+00:00,2025-10-03,2025-08-27,15,41.2,30.82,50.99,47.16,31.27,10.3
2026-09-25,post_dam,2026-09-24T22:34:50.313718+00:00,2025-10-03,2025-08-27,16,44.32,31.18,53.28,65.94,31.01,15.05
2026-09-25,post_dam,2026-09-24T22:34:50.313718+00:00,2025-10-03,2025-08-27,17,53.73,37.46,72.97,151.39,27.03,15.47
2026-09-25,post_dam,2026-09-24T22:34:50.313718+00:00,2025-10-03,2025-08-27,18,54.53,38.49,76.51,218.33,31.05,15.26
2026-09-25,post_dam,2026-09-24T22:34:50.313718+00:00,2025-10-03,2025-08-27,19,60.92,38.36,97.74,61.6,31.72,15.53
2026-09-25,post_dam,2026-09-24T22:34:50.313718+00:00,2025-10-03,2025-08-27,20,50.62,36.7,74.43,34.84,24.16,11.78
2026-09-25,post_dam,2026-09-24T22:34:50.313718+00:00,2025-10-03,2025-08-27,21,42.64,33.43,61.53,45.66,28.25,14.72
2026-09-25,post_dam,2026-09-24T22:34:50.313718+00:00,2025-10-03,2025-08-27,22,38.92,29.34,52.48,43.95,13.61,13.7
2026-09-25,post_dam,2026-09-24T22:34:50.313718+00:00,2025-10-03,2025-08-27,23,33.75,23.5,39.25,34.21,9.65,9.12
2026-09-25,post_dam,2026-09-24T22:34:50.313718+00:00,2025-10-03,2025-08-27,24,32.33,22.18,38.91,34.78,12.5,7.39
2026-09-25,pre_dam,2026-09-24T13:01:30.252902+00:00,2025-10-03,2025-08-27,1,28.39,22.01,35.12,32.25,17.27,5.31
2026-09-25,pre_dam,2026-09-24T13:01:30.252902+00:00,2025-10-03,2025-08-27,2,30.49,23.25,37.09,34.45,14.58,6.43
2026-09-25,pre_dam,2026-09-24T13:01:30.252902+00:00,2025-10-03,2025-08-27,3,30.44,23.23,38.05,34.1,14.4,7.67
2026-09-25,pre_dam,2026-09-24T13:01:30.252902+00:00,2025-10-03,2025-08-27,4,30.44,23.19,37.59,29.57,19.26,9.3
2026-09-25,pre_dam,2026-09-24T13:01:30.252902+00:00,2025-10-03,2025-08-27,5,34.37,24.99,40.61,33.82,30.43,9.7
2026-09-25,pre_dam,2026-09-24T13:01:30.252902+00:00,2025-10-03,2025-08-27,6,41.13,33.64,51.47,93.28,36.06,9.79
2026-09-25,pre_dam,2026-09-24T13:01:30.252902+00:00,2025-10-03,2025-08-27,7,48.31,35.63,66.05,153.75,40.04,7.83
2026-09-25,pre_dam,2026-09-24T13:01:30.252902+00:00,2025-10-03,2025-08-27,8,48.01,33.7,65.81,83.37,44.54,7.03
2026-09-25,pre_dam,2026-09-24T13:01:30.252902+00:00,2025-10-03,2025-08-27,9,39.46,29.96,54.91,47.51,37.18,9.7
2026-09-25,pre_dam,2026-09-24T13:01:30.252902+00:00,2025-10-03,2025-08-27,10,38.89,29.41,51.72,99.78,31.7,15.07
2026-09-25,pre_dam,2026-09-24T13:01:30.252902+00:00,2025-10-03,2025-08-27,11,39.1,30.24,52.7,50.87,30.8,14.31
2026-09-25,pre_dam,2026-09-24T13:01:30.252902+00:00,2025-10-03,2025-08-27,12,39.45,30.78,52.87,48.87,31.63,16.28
2026-09-25,pre_dam,2026-09-24T13:01:30.252902+00:00,2025-10-03,2025-08-27,13,42.69,30.88,50.04,41.58,31.66,13.06
2026-09-25,pre_dam,2026-09-24T13:01:30.252902+00:00,2025-10-03,2025-08-27,14,41.1,30.7,48.38,40.38,31.4,12.01
2026-09-25,pre_dam,2026-09-24T13:01:30.252902+00:00,2025-10-03,2025-08-27,15,39.51,30.56,50.51,47.16,31.27,16.26
2026-09-25,pre_dam,2026-09-24T13:01:30.252902+00:00,2025-10-03,2025-08-27,16,45.04,34.92,53.82,65.94,31.01,19.11
2026-09-25,pre_dam,2026-09-24T13:01:30.252902+00:00,2025-10-03,2025-08-27,17,53.08,37.12,68.62,151.39,27.03,15.67
2026-09-25,pre_dam,2026-09-24T13:01:30.252902+00:00,2025-10-03,2025-08-27,18,58.86,38.51,85.24,218.33,31.05,13.43
2026-09-25,pre_dam,2026-09-24T13:01:30.252902+00:00,2025-10-03,2025-08-27,19,63.69,38.4,93.32,61.6,31.72,16.98
2026-09-25,pre_dam,2026-09-24T13:01:30.252902+00:00,2025-10-03,2025-08-27,20,58.2,38.2,90.23,34.84,24.16,12.35
2026-09-25,pre_dam,2026-09-24T13:01:30.252902+00:00,2025-10-03,2025-08-27,21,43.03,34.09,54.77,45.66,28.25,13.77
2026-09-25,pre_dam,2026-09-24T13:01:30.252902+00:00,2025-10-03,2025-08-27,22,37.4,26.91,47.79,43.95,13.61,14.96
2026-09-25,pre_dam,2026-09-24T13:01:30.252902+00:00,2025-10-03,2025-08-27,23,30.8,23.35,35.91,34.21,9.65,9.11
2026-09-25,pre_dam,2026-09-24T13:01:30.252902+00:00,2025-10-03,2025-08-27,24,29.83,21.15,32.41,34.78,12.5,7.6
2026-09-26,post_dam,2026-09-25T22:34:03.793886+00:00,2025-09-07,2025-09-06,1,32.66,19.27,38.92,37.98,43.05,6.02
2026-09-26,post_dam,2026-09-25T22:34:03.793886+00:00,2025-09-07,2025-09-06,2,30.88,18.7,38.35,76.61,48.24,7.11
2026-09-26,post_dam,2026-09-25T22:34:03.793886+00:00,2025-09-07,2025-09-06,3,29.46,18.51,38.95,36.08,40.43,8.71
2026-09-26,post_dam,2026-09-25T22:34:03.793886+00:00,2025-09-07,2025-09-06,4,29.46,18.62,39.46,78.18,38.61,10.35
2026-09-26,post_dam,2026-09-25T22:34:03.793886+00:00,2025-09-07,2025-09-06,5,32.29,22.21,45.05,39.03,42.86,9.6
2026-09-26,post_dam,2026-09-25T22:34:03.793886+00:00,2025-09-07,2025-09-06,6,34.76,23.22,44.11,40.01,51.61,8.93
2026-09-26,post_dam,2026-09-25T22:34:03.793886+00:00,2025-09-07,2025-09-06,7,41.74,26.26,51.06,35.83,59.5,9.19
2026-09-26,post_dam,2026-09-25T22:34:03.793886+00:00,2025-09-07,2025-09-06,8,42.15,26.48,54.63,41.04,107.98,6.06
2026-09-26,post_dam,2026-09-25T22:34:03.793886+00:00,2025-09-07,2025-09-06,9,38.86,27.13,50.75,26.88,151.26,9.01
2026-09-26,post_dam,2026-09-25T22:34:03.793886+00:00,2025-09-07,2025-09-06,10,35.46,24.47,47.06,20.36,21.49,12.59
2026-09-26,post_dam,2026-09-25T22:34:03.793886+00:00,2025-09-07,2025-09-06,11,34.94,24.48,44.34,28.58,36.85,10.53
2026-09-26,post_dam,2026-09-25T22:34:03.793886+00:00,2025-09-07,2025-09-06,12,37.07,24.51,44.39,49.59,32.65,12.24
2026-09-26,post_dam,2026-09-25T22:34:03.793886+00:00,2025-09-07,2025-09-06,13,36.82,24.2,45.71,47.37,44.38,12.36
2026-09-26,post_dam,2026-09-25T22:34:03.793886+00:00,2025-09-07,2025-09-06,14,37.27,23.85,42.53,36.51,97.99,11.15
2026-09-26,post_dam,2026-09-25T22:34:03.793886+00:00,2025-09-07,2025-09-06,15,40.55,24.98,50.08,10.54,35.13,11.38
2026-09-26,post_dam,2026-09-25T22:34:03.793886+00:00,2025-09-07,2025-09-06,16,44.0,29.38,62.54,20.9,39.01,16.09
2026-09-26,post_dam,2026-09-25T22:34:03.793886+00:00,2025-09-07,2025-09-06,17,51.78,35.38,74.96,31.09,32.99,16.55
2026-09-26,post_dam,2026-09-25T22:34:03.793886+00:00,2025-09-07,2025-09-06,18,52.29,35.08,72.18,37.87,39.56,13.72
2026-09-26,post_dam,2026-09-25T22:34:03.793886+00:00,2025-09-07,2025-09-06,19,51.17,34.76,74.98,36.25,275.32,14.38
2026-09-26,post_dam,2026-09-25T22:34:03.793886+00:00,2025-09-07,2025-09-06,20,45.32,33.14,68.88,41.46,304.37,12.09
2026-09-26,post_dam,2026-09-25T22:34:03.793886+00:00,2025-09-07,2025-09-06,21,44.13,27.44,66.78,33.02,62.82,13.26
2026-09-26,post_dam,2026-09-25T22:34:03.793886+00:00,2025-09-07,2025-09-06,22,42.24,25.54,64.81,53.45,84.21,12.78
2026-09-26,post_dam,2026-09-25T22:34:03.793886+00:00,2025-09-07,2025-09-06,23,39.73,24.43,50.01,34.5,39.94,8.37
2026-09-26,post_dam,2026-09-25T22:34:03.793886+00:00,2025-09-07,2025-09-06,24,40.15,24.06,48.48,24.09,28.49,7.18
2026-09-26,pre_dam,2026-09-25T13:01:32.043699+00:00,2025-09-07,2025-09-06,1,32.75,23.14,38.24,37.98,43.05,5.07
2026-09-26,pre_dam,2026-09-25T13:01:32.043699+00:00,2025-09-07,2025-09-06,2,32.82,20.77,38.95,76.61,48.24,6.35
2026-09-26,pre_dam,2026-09-25T13:01:32.043699+00:00,2025-09-07,2025-09-06,3,30.61,18.98,39.65,36.08,40.43,7.47
2026-09-26,pre_dam,2026-09-25T13:01:32.043699+00:00,2025-09-07,2025-09-06,4,30.61,19.01,41.12,78.18,38.61,9.42
2026-09-26,pre_dam,2026-09-25T13:01:32.043699+00:00,2025-09-07,2025-09-06,5,30.82,19.5,42.92,39.03,42.86,8.89
2026-09-26,pre_dam,2026-09-25T13:01:32.043699+00:00,2025-09-07,2025-09-06,6,33.23,22.32,43.53,40.01,51.61,8.23
2026-09-26,pre_dam,2026-09-25T13:01:32.043699+00:00,2025-09-07,2025-09-06,7,35.71,25.12,45.04,35.83,59.5,8.48
2026-09-26,pre_dam,2026-09-25T13:01:32.043699+00:00,2025-09-07,2025-09-06,8,36.59,25.58,46.02,41.04,107.98,6.46
2026-09-26,pre_dam,2026-09-25T13:01:32.043699+00:00,2025-09-07,2025-09-06,9,36.94,25.46,45.77,26.88,151.26,9.85
2026-09-26,pre_dam,2026-09-25T13:01:32.043699+00:00,2025-09-07,2025-09-06,10,34.99,23.35,42.83,20.36,21.49,13.75
2026-09-26,pre_dam,2026-09-25T13:01:32.043699+00:00,2025-09-07,2025-09-06,11,34.07,22.2,44.69,28.58,36.85,13.24
2026-09-26,pre_dam,2026-09-25T13:01:32.043699+00:00,2025-09-07,2025-09-06,12,34.69,22.98,45.61,49.59,32.65,13.23
2026-09-26,pre_dam,2026-09-25T13:01:32.043699+00:00,2025-09-07,2025-09-06,13,35.14,22.28,46.33,47.37,44.38,13.06
2026-09-26,pre_dam,2026-09-25T13:01:32.043699+00:00,2025-09-07,2025-09-06,14,33.55,22.16,42.86,36.51,97.99,12.24
2026-09-26,pre_dam,2026-09-25T13:01:32.043699+00:00,2025-09-07,2025-09-06,15,35.8,23.71,50.4,10.54,35.13,13.86
2026-09-26,pre_dam,2026-09-25T13:01:32.043699+00:00,2025-09-07,2025-09-06,16,40.63,27.8,70.85,20.9,39.01,18.0
2026-09-26,pre_dam,2026-09-25T13:01:32.043699+00:00,2025-09-07,2025-09-06,17,50.46,32.21,63.94,31.09,32.99,14.9
2026-09-26,pre_dam,2026-09-25T13:01:32.043699+00:00,2025-09-07,2025-09-06,18,56.43,35.87,116.06,37.87,39.56,13.97
2026-09-26,pre_dam,2026-09-25T13:01:32.043699+00:00,2025-09-07,2025-09-06,19,54.06,36.02,114.98,36.25,275.32,16.54
2026-09-26,pre_dam,2026-09-25T13:01:32.043699+00:00,2025-09-07,2025-09-06,20,44.97,34.31,62.51,41.46,304.37,11.54
2026-09-26,pre_dam,2026-09-25T13:01:32.043699+00:00,2025-09-07,2025-09-06,21,41.12,27.54,58.89,33.02,62.82,13.2
2026-09-26,pre_dam,2026-09-25T13:01:32.043699+00:00,2025-09-07,2025-09-06,22,37.83,23.01,62.4,53.45,84.21,12.84
2026-09-26,pre_dam,2026-09-25T13:01:32.043699+00:00,2025-09-07,2025-09-06,23,33.48,20.66,41.42,34.5,39.94,8.58
2026-09-26,pre_dam,2026-09-25T13:01:32.043699+00:00,2025-09-07,2025-09-06,24,32.53,18.62,39.63,24.09,28.49,7.36
2026-09-27,post_dam,2026-09-27T01:40:58.066317+00:00,2025-10-12,2025-09-06,1,27.96,17.35,34.99,25.72,43.05,5.37
2026-09-27,post_dam,2026-09-27T01:40:58.066317+00:00,2025-10-12,2025-09-06,2,28.28,17.79,36.28,26.38,48.24,6.36
2026-09-27,post_dam,2026-09-27T01:40:58.066317+00:00,2025-10-12,2025-09-06,3,27.96,16.91,38.16,32.56,40.43,7.86
2026-09-27,post_dam,2026-09-27T01:40:58.066317+00:00,2025-10-12,2025-09-06,4,27.89,15.78,37.58,37.52,38.61,9.7
2026-09-27,post_dam,2026-09-27T01:40:58.066317+00:00,2025-10-12,2025-09-06,5,27.89,15.99,40.67,35.65,42.86,9.4
2026-09-27,post_dam,2026-09-27T01:40:58.066317+00:00,2025-10-12,2025-09-06,6,30.48,16.81,41.48,41.16,51.61,8.28
2026-09-27,post_dam,2026-09-27T01:40:58.066317+00:00,2025-10-12,2025-09-06,7,31.66,17.65,41.77,40.51,59.5,7.92
2026-09-27,post_dam,2026-09-27T01:40:58.066317+00:00,2025-10-12,2025-09-06,8,42.52,23.0,53.93,36.75,107.98,6.45
2026-09-27,post_dam,2026-09-27T01:40:58.066317+00:00,2025-10-12,2025-09-06,9,39.68,24.22,55.12,60.0,151.26,9.59
2026-09-27,post_dam,2026-09-27T01:40:58.066317+00:00,2025-10-12,2025-09-06,10,33.57,23.74,49.6,43.11,21.49,12.92
2026-09-27,post_dam,2026-09-27T01:40:58.066317+00:00,2025-10-12,2025-09-06,11,28.9,19.46,42.3,39.2,36.85,10.78
2026-09-27,post_dam,2026-09-27T01:40:58.066317+00:00,2025-10-12,2025-09-06,12,36.74,20.27,47.66,35.86,32.65,13.23
2026-09-27,post_dam,2026-09-27T01:40:58.066317+00:00,2025-10-12,2025-09-06,13,37.09,23.71,48.38,30.94,44.38,12.03
2026-09-27,post_dam,2026-09-27T01:40:58.066317+00:00,2025-10-12,2025-09-06,14,32.23,22.41,41.95,33.16,97.99,11.41
2026-09-27,post_dam,2026-09-27T01:40:58.066317+00:00,2025-10-12,2025-09-06,15,32.04,24.34,42.99,32.05,35.13,12.58
2026-09-27,post_dam,2026-09-27T01:40:58.066317+00:00,2025-10-12,2025-09-06,16,36.59,25.93,48.84,31.86,39.01,16.34
2026-09-27,post_dam,2026-09-27T01:40:58.066317+00:00,2025-10-12,2025-09-06,17,45.66,33.38,60.08,27.92,32.99,13.27
2026-09-27,post_dam,2026-09-27T01:40:58.066317+00:00,2025-10-12,2025-09-06,18,44.91,34.7,60.03,27.47,39.56,11.44
2026-09-27,post_dam,2026-09-27T01:40:58.066317+00:00,2025-10-12,2025-09-06,19,51.55,34.72,120.95,36.12,275.32,16.14
2026-09-27,post_dam,2026-09-27T01:40:58.066317+00:00,2025-10-12,2025-09-06,20,43.32,34.6,59.63,33.95,304.37,12.14
2026-09-27,post_dam,2026-09-27T01:40:58.066317+00:00,2025-10-12,2025-09-06,21,42.35,31.52,57.0,22.19,62.82,11.55
2026-09-27,post_dam,2026-09-27T01:40:58.066317+00:00,2025-10-12,2025-09-06,22,35.72,27.28,46.09,21.03,84.21,12.59
2026-09-27,post_dam,2026-09-27T01:40:58.066317+00:00,2025-10-12,2025-09-06,23,32.58,23.3,42.02,19.59,39.94,9.41
2026-09-27,post_dam,2026-09-27T01:40:58.066317+00:00,2025-10-12,2025-09-06,24,33.66,25.13,41.26,26.27,28.49,7.36
2026-09-27,pre_dam,2026-09-26T13:01:24.045895+00:00,2025-10-12,2025-09-06,1,29.85,15.05,36.13,25.72,43.05,4.74
2026-09-27,pre_dam,2026-09-26T13:01:24.045895+00:00,2025-10-12,2025-09-06,2,28.66,15.35,37.83,26.38,48.24,5.24
2026-09-27,pre_dam,2026-09-26T13:01:24.045895+00:00,2025-10-12,2025-09-06,3,28.5,13.63,38.77,32.56,40.43,7.41
2026-09-27,pre_dam,2026-09-26T13:01:24.045895+00:00,2025-10-12,2025-09-06,4,28.42,13.51,38.96,37.52,38.61,9.85
2026-09-27,pre_dam,2026-09-26T13:01:24.045895+00:00,2025-10-12,2025-09-06,5,28.28,13.71,40.12,35.65,42.86,8.91
2026-09-27,pre_dam,2026-09-26T13:01:24.045895+00:00,2025-10-12,2025-09-06,6,29.23,13.25,41.25,41.16,51.61,8.38
2026-09-27,pre_dam,2026-09-26T13:01:24.045895+00:00,2025-10-12,2025-09-06,7,29.78,18.51,42.78,40.51,59.5,8.36
2026-09-27,pre_dam,2026-09-26T13:01:24.045895+00:00,2025-10-12,2025-09-06,8,34.28,19.77,47.4,36.75,107.98,6.61
2026-09-27,pre_dam,2026-09-26T13:01:24.045895+00:00,2025-10-12,2025-09-06,9,30.74,17.23,41.49,60.0,151.26,8.86
2026-09-27,pre_dam,2026-09-26T13:01:24.045895+00:00,2025-10-12,2025-09-06,10,30.82,14.69,41.34,43.11,21.49,11.67
2026-09-27,pre_dam,2026-09-26T13:01:24.045895+00:00,2025-10-12,2025-09-06,11,29.84,17.33,41.55,39.2,36.85,9.07
2026-09-27,pre_dam,2026-09-26T13:01:24.045895+00:00,2025-10-12,2025-09-06,12,27.33,17.4,41.54,35.86,32.65,11.17
2026-09-27,pre_dam,2026-09-26T13:01:24.045895+00:00,2025-10-12,2025-09-06,13,29.38,18.21,41.87,30.94,44.38,10.74
2026-09-27,pre_dam,2026-09-26T13:01:24.045895+00:00,2025-10-12,2025-09-06,14,31.71,18.93,39.68,33.16,97.99,9.76
2026-09-27,pre_dam,2026-09-26T13:01:24.045895+00:00,2025-10-12,2025-09-06,15,29.25,20.03,41.01,32.05,35.13,10.68
2026-09-27,pre_dam,2026-09-26T13:01:24.045895+00:00,2025-10-12,2025-09-06,16,37.8,26.67,50.08,31.86,39.01,14.04
2026-09-27,pre_dam,2026-09-26T13:01:24.045895+00:00,2025-10-12,2025-09-06,17,44.23,29.69,57.77,27.92,32.99,16.21
2026-09-27,pre_dam,2026-09-26T13:01:24.045895+00:00,2025-10-12,2025-09-06,18,52.4,32.57,67.1,27.47,39.56,12.98
2026-09-27,pre_dam,2026-09-26T13:01:24.045895+00:00,2025-10-12,2025-09-06,19,52.35,33.38,69.39,36.12,275.32,14.29
2026-09-27,pre_dam,2026-09-26T13:01:24.045895+00:00,2025-10-12,2025-09-06,20,45.57,31.58,67.07,33.95,304.37,10.09
2026-09-27,pre_dam,2026-09-26T13:01:24.045895+00:00,2025-10-12,2025-09-06,21,43.15,28.25,56.63,22.19,62.82,12.19
2026-09-27,pre_dam,2026-09-26T13:01:24.045895+00:00,2025-10-12,2025-09-06,22,38.61,27.46,50.52,21.03,84.21,11.54
2026-09-27,pre_dam,2026-09-26T13:01:24.045895+00:00,2025-10-12,2025-09-06,23,34.95,22.17,43.46,19.59,39.94,8.5
2026-09-27,pre_dam,2026-09-26T13:01:24.045895+00:00,2025-10-12,2025-09-06,24,34.8,21.67,41.82,26.27,28.49,6.8
2026-09-28,post_dam,2026-09-27T22:24:13.815103+00:00,2025-10-14,2026-09-17,1,27.03,14.59,40.04,31.64,48.62,5.39
2026-09-28,post_dam,2026-09-27T22:24:13.815103+00:00,2025-10-14,2026-09-17,2,27.43,18.96,40.04,32.13,43.84,7.33
2026-09-28,post_dam,2026-09-27T22:24:13.815103+00:00,2025-10-14,2026-09-17,3,27.27,19.52,40.32,31.83,47.18,8.26
2026-09-28,post_dam,2026-09-27T22:24:13.815103+00:00,2025-10-14,2026-09-17,4,31.57,21.88,39.98,36.05,57.56,10.12
2026-09-28,post_dam,2026-09-27T22:24:13.815103+00:00,2025-10-14,2026-09-17,5,33.23,25.17,37.82,44.35,49.18,9.24
2026-09-28,post_dam,2026-09-27T22:24:13.815103+00:00,2025-10-14,2026-09-17,6,38.9,30.01,50.97,121.22,55.79,8.1
2026-09-28,post_dam,2026-09-27T22:24:13.815103+00:00,2025-10-14,2026-09-17,7,49.01,36.06,76.28,271.19,85.29,8.59
2026-09-28,post_dam,2026-09-27T22:24:13.815103+00:00,2025-10-14,2026-09-17,8,50.19,36.26,76.27,263.3,81.44,6.68
2026-09-28,post_dam,2026-09-27T22:24:13.815103+00:00,2025-10-14,2026-09-17,9,53.3,36.65,75.51,90.13,93.36,9.4
2026-09-28,post_dam,2026-09-27T22:24:13.815103+00:00,2025-10-14,2026-09-17,10,54.0,36.0,78.89,90.06,96.7,12.73
2026-09-28,post_dam,2026-09-27T22:24:13.815103+00:00,2025-10-14,2026-09-17,11,53.82,36.02,78.38,62.13,88.16,10.97
2026-09-28,post_dam,2026-09-27T22:24:13.815103+00:00,2025-10-14,2026-09-17,12,53.41,36.07,76.52,36.76,97.75,11.44
2026-09-28,post_dam,2026-09-27T22:24:13.815103+00:00,2025-10-14,2026-09-17,13,53.64,36.54,74.72,69.52,118.43,12.05
2026-09-28,post_dam,2026-09-27T22:24:13.815103+00:00,2025-10-14,2026-09-17,14,53.14,36.51,73.82,42.2,115.97,10.76
2026-09-28,post_dam,2026-09-27T22:24:13.815103+00:00,2025-10-14,2026-09-17,15,53.67,36.56,74.59,33.57,85.15,10.93
2026-09-28,post_dam,2026-09-27T22:24:13.815103+00:00,2025-10-14,2026-09-17,16,72.8,37.44,144.54,36.72,97.6,14.97
2026-09-28,post_dam,2026-09-27T22:24:13.815103+00:00,2025-10-14,2026-09-17,17,64.05,38.44,120.54,36.79,65.99,15.13
2026-09-28,post_dam,2026-09-27T22:24:13.815103+00:00,2025-10-14,2026-09-17,18,64.16,38.54,134.85,206.86,59.38,10.8
2026-09-28,post_dam,2026-09-27T22:24:13.815103+00:00,2025-10-14,2026-09-17,19,121.54,38.66,195.11,192.32,58.18,14.06
2026-09-28,post_dam,2026-09-27T22:24:13.815103+00:00,2025-10-14,2026-09-17,20,98.98,38.14,186.3,52.15,67.39,10.42
2026-09-28,post_dam,2026-09-27T22:24:13.815103+00:00,2025-10-14,2026-09-17,21,76.92,36.91,142.93,35.39,116.16,11.26
2026-09-28,post_dam,2026-09-27T22:24:13.815103+00:00,2025-10-14,2026-09-17,22,48.77,33.08,61.3,40.2,110.22,10.79
2026-09-28,post_dam,2026-09-27T22:24:13.815103+00:00,2025-10-14,2026-09-17,23,46.71,32.27,51.58,23.01,72.96,8.24
2026-09-28,post_dam,2026-09-27T22:24:13.815103+00:00,2025-10-14,2026-09-17,24,44.2,34.9,58.1,26.97,38.97,6.57
2026-09-28,pre_dam,2026-09-27T13:01:43.516127+00:00,2025-10-14,2026-09-17,1,28.83,21.17,32.46,31.64,48.62,4.73
2026-09-28,pre_dam,2026-09-27T13:01:43.516127+00:00,2025-10-14,2026-09-17,2,29.23,21.36,33.01,32.13,43.84,5.94
2026-09-28,pre_dam,2026-09-27T13:01:43.516127+00:00,2025-10-14,2026-09-17,3,29.23,21.53,35.3,31.83,47.18,7.16
2026-09-28,pre_dam,2026-09-27T13:01:43.516127+00:00,2025-10-14,2026-09-17,4,30.02,21.47,34.27,36.05,57.56,9.43
2026-09-28,pre_dam,2026-09-27T13:01:43.516127+00:00,2025-10-14,2026-09-17,5,30.59,22.32,37.9,44.35,49.18,9.4
2026-09-28,pre_dam,2026-09-27T13:01:43.516127+00:00,2025-10-14,2026-09-17,6,39.46,28.9,47.34,121.22,55.79,8.05
2026-09-28,pre_dam,2026-09-27T13:01:43.516127+00:00,2025-10-14,2026-09-17,7,45.26,33.59,57.59,271.19,85.29,7.36
2026-09-28,pre_dam,2026-09-27T13:01:43.516127+00:00,2025-10-14,2026-09-17,8,47.89,33.6,60.95,263.3,81.44,6.76
2026-09-28,pre_dam,2026-09-27T13:01:43.516127+00:00,2025-10-14,2026-09-17,9,49.45,32.74,59.77,90.13,93.36,8.8
2026-09-28,pre_dam,2026-09-27T13:01:43.516127+00:00,2025-10-14,2026-09-17,10,52.22,32.62,58.13,90.06,96.7,13.07
2026-09-28,pre_dam,2026-09-27T13:01:43.516127+00:00,2025-10-14,2026-09-17,11,50.31,32.75,54.77,62.13,88.16,10.56
2026-09-28,pre_dam,2026-09-27T13:01:43.516127+00:00,2025-10-14,2026-09-17,12,49.31,32.89,57.11,36.76,97.75,11.47
2026-09-28,pre_dam,2026-09-27T13:01:43.516127+00:00,2025-10-14,2026-09-17,13,51.63,35.12,63.88,69.52,118.43,9.95
2026-09-28,pre_dam,2026-09-27T13:01:43.516127+00:00,2025-10-14,2026-09-17,14,51.9,32.88,63.3,42.2,115.97,10.31
2026-09-28,pre_dam,2026-09-27T13:01:43.516127+00:00,2025-10-14,2026-09-17,15,51.45,34.9,69.26,33.57,85.15,11.34
2026-09-28,pre_dam,2026-09-27T13:01:43.516127+00:00,2025-10-14,2026-09-17,16,65.31,36.81,86.72,36.72,97.6,14.84
2026-09-28,pre_dam,2026-09-27T13:01:43.516127+00:00,2025-10-14,2026-09-17,17,70.42,37.82,129.54,36.79,65.99,13.42
2026-09-28,pre_dam,2026-09-27T13:01:43.516127+00:00,2025-10-14,2026-09-17,18,71.92,37.32,128.51,206.86,59.38,9.1
2026-09-28,pre_dam,2026-09-27T13:01:43.516127+00:00,2025-10-14,2026-09-17,19,93.64,38.0,140.9,192.32,58.18,17.64
2026-09-28,pre_dam,2026-09-27T13:01:43.516127+00:00,2025-10-14,2026-09-17,20,88.65,37.25,140.43,52.15,67.39,11.23
2026-09-28,pre_dam,2026-09-27T13:01:43.516127+00:00,2025-10-14,2026-09-17,21,79.69,36.09,112.92,35.39,116.16,11.5
2026-09-28,pre_dam,2026-09-27T13:01:43.516127+00:00,2025-10-14,2026-09-17,22,61.94,33.26,61.94,40.2,110.22,11.92
2026-09-28,pre_dam,2026-09-27T13:01:43.516127+00:00,2025-10-14,2026-09-17,23,45.6,33.0,47.82,23.01,72.96,7.82
2026-09-28,pre_dam,2026-09-27T13:01:43.516127+00:00,2025-10-14,2026-09-17,24,40.58,30.71,43.54,26.97,38.97,6.31
2026-09-29,post_dam,2026-09-28T23:52:37.973571+00:00,2026-06-26,2026-09-17,1,47.17,27.46,49.02,34.49,48.62,5.07
2026-09-29,post_dam,2026-09-28T23:52:37.973571+00:00,2026-06-26,2026-09-17,2,48.74,30.91,52.77,31.3,43.84,6.4
2026-09-29,post_dam,2026-09-28T23:52:37.973571+00:00,2026-06-26,2026-09-17,3,45.19,26.16,48.91,34.72,47.18,7.44
2026-09-29,post_dam,2026-09-28T23:52:37.973571+00:00,2026-06-26,2026-09-17,4,45.19,24.59,48.55,38.17,57.56,9.11
2026-09-29,post_dam,2026-09-28T23:52:37.973571+00:00,2026-06-26,2026-09-17,5,50.12,29.97,55.09,43.67,49.18,9.06
2026-09-29,post_dam,2026-09-28T23:52:37.973571+00:00,2026-06-26,2026-09-17,6,57.93,33.94,65.31,39.72,55.79,8.09
2026-09-29,post_dam,2026-09-28T23:52:37.973571+00:00,2026-06-26,2026-09-17,7,70.41,37.12,143.82,48.75,85.29,7.55
2026-09-29,post_dam,2026-09-28T23:52:37.973571+00:00,2026-06-26,2026-09-17,8,81.47,38.47,107.82,38.14,81.44,7.0
2026-09-29,post_dam,2026-09-28T23:52:37.973571+00:00,2026-06-26,2026-09-17,9,68.4,36.71,74.11,41.51,93.36,9.78
2026-09-29,post_dam,2026-09-28T23:52:37.973571+00:00,2026-06-26,2026-09-17,10,65.0,37.0,73.29,38.46,96.7,12.97
2026-09-29,post_dam,2026-09-28T23:52:37.973571+00:00,2026-06-26,2026-09-17,11,64.36,34.4,71.66,52.82,88.16,10.17
2026-09-29,post_dam,2026-09-28T23:52:37.973571+00:00,2026-06-26,2026-09-17,12,64.36,34.6,72.25,50.76,97.75,10.65
2026-09-29,post_dam,2026-09-28T23:52:37.973571+00:00,2026-06-26,2026-09-17,13,71.69,37.79,71.69,35.15,118.43,10.86
2026-09-29,post_dam,2026-09-28T23:52:37.973571+00:00,2026-06-26,2026-09-17,14,84.52,38.83,96.29,37.63,115.97,10.16
2026-09-29,post_dam,2026-09-28T23:52:37.973571+00:00,2026-06-26,2026-09-17,15,73.94,37.07,75.4,45.0,85.15,10.18
2026-09-29,post_dam,2026-09-28T23:52:37.973571+00:00,2026-06-26,2026-09-17,16,87.42,38.44,128.62,66.35,97.6,14.37
2026-09-29,post_dam,2026-09-28T23:52:37.973571+00:00,2026-06-26,2026-09-17,17,84.29,39.71,138.88,65.21,65.99,14.11
2026-09-29,post_dam,2026-09-28T23:52:37.973571+00:00,2026-06-26,2026-09-17,18,82.78,39.65,137.09,54.87,59.38,11.08
2026-09-29,post_dam,2026-09-28T23:52:37.973571+00:00,2026-06-26,2026-09-17,19,86.08,41.26,139.19,48.42,58.18,25.16
2026-09-29,post_dam,2026-09-28T23:52:37.973571+00:00,2026-06-26,2026-09-17,20,83.03,41.31,137.24,52.06,67.39,10.87
2026-09-29,post_dam,2026-09-28T23:52:37.973571+00:00,2026-06-26,2026-09-17,21,75.29,40.99,141.07,59.64,116.16,11.46
2026-09-29,post_dam,2026-09-28T23:52:37.973571+00:00,2026-06-26,2026-09-17,22,72.33,38.67,130.54,61.05,110.22,10.98
2026-09-29,post_dam,2026-09-28T23:52:37.973571+00:00,2026-06-26,2026-09-17,23,57.7,35.76,66.13,37.27,72.96,8.12
2026-09-29,post_dam,2026-09-28T23:52:37.973571+00:00,2026-06-26,2026-09-17,24,52.75,33.96,59.35,24.29,38.97,6.28
2026-09-29,pre_dam,2026-09-28T13:01:46.122336+00:00,2026-06-26,2026-09-17,1,42.22,27.7,43.64,34.49,48.62,5.5
2026-09-29,pre_dam,2026-09-28T13:01:46.122336+00:00,2026-06-26,2026-09-17,2,42.22,27.56,43.83,31.3,43.84,6.39
2026-09-29,pre_dam,2026-09-28T13:01:46.122336+00:00,2026-06-26,2026-09-17,3,40.37,25.39,42.47,34.72,47.18,7.2
2026-09-29,pre_dam,2026-09-28T13:01:46.122336+00:00,2026-06-26,2026-09-17,4,40.37,25.45,43.02,38.17,57.56,8.97
2026-09-29,pre_dam,2026-09-28T13:01:46.122336+00:00,2026-06-26,2026-09-17,5,44.36,27.27,45.38,43.67,49.18,8.64
2026-09-29,pre_dam,2026-09-28T13:01:46.122336+00:00,2026-06-26,2026-09-17,6,51.2,32.73,61.14,39.72,55.79,8.15
2026-09-29,pre_dam,2026-09-28T13:01:46.122336+00:00,2026-06-26,2026-09-17,7,55.16,36.18,73.37,48.75,85.29,7.99
2026-09-29,pre_dam,2026-09-28T13:01:46.122336+00:00,2026-06-26,2026-09-17,8,61.7,38.12,79.8,38.14,81.44,6.36
2026-09-29,pre_dam,2026-09-28T13:01:46.122336+00:00,2026-06-26,2026-09-17,9,58.7,37.54,68.28,41.51,93.36,9.91
2026-09-29,pre_dam,2026-09-28T13:01:46.122336+00:00,2026-06-26,2026-09-17,10,56.36,38.0,68.42,38.46,96.7,12.91
2026-09-29,pre_dam,2026-09-28T13:01:46.122336+00:00,2026-06-26,2026-09-17,11,55.91,35.5,63.9,52.82,88.16,9.88
2026-09-29,pre_dam,2026-09-28T13:01:46.122336+00:00,2026-06-26,2026-09-17,12,55.92,35.39,65.67,50.76,97.75,10.5
2026-09-29,pre_dam,2026-09-28T13:01:46.122336+00:00,2026-06-26,2026-09-17,13,63.78,37.95,66.24,35.15,118.43,10.33
2026-09-29,pre_dam,2026-09-28T13:01:46.122336+00:00,2026-06-26,2026-09-17,14,66.31,39.2,66.38,37.63,115.97,9.97
2026-09-29,pre_dam,2026-09-28T13:01:46.122336+00:00,2026-06-26,2026-09-17,15,79.66,40.1,115.0,45.0,85.15,11.48
2026-09-29,pre_dam,2026-09-28T13:01:46.122336+00:00,2026-06-26,2026-09-17,16,83.74,40.73,148.12,66.35,97.6,15.78
2026-09-29,pre_dam,2026-09-28T13:01:46.122336+00:00,2026-06-26,2026-09-17,17,81.63,41.45,133.18,65.21,65.99,16.12
2026-09-29,pre_dam,2026-09-28T13:01:46.122336+00:00,2026-06-26,2026-09-17,18,78.87,40.84,136.99,54.87,59.38,11.44
2026-09-29,pre_dam,2026-09-28T13:01:46.122336+00:00,2026-06-26,2026-09-17,19,80.28,42.18,136.92,48.42,58.18,23.6
2026-09-29,pre_dam,2026-09-28T13:01:46.122336+00:00,2026-06-26,2026-09-17,20,74.98,41.26,135.7,52.06,67.39,9.62
2026-09-29,pre_dam,2026-09-28T13:01:46.122336+00:00,2026-06-26,2026-09-17,21,65.34,40.52,143.95,59.64,116.16,11.91
2026-09-29,pre_dam,2026-09-28T13:01:46.122336+00:00,2026-06-26,2026-09-17,22,58.26,35.77,75.31,61.05,110.22,11.34
2026-09-29,pre_dam,2026-09-28T13:01:46.122336+00:00,2026-06-26,2026-09-17,23,51.49,34.18,63.32,37.27,72.96,7.66
2026-09-29,pre_dam,2026-09-28T13:01:46.122336+00:00,2026-06-26,2026-09-17,24,47.5,33.01,48.58,24.29,38.97,6.06
2026-09-30,post_dam,2026-09-29T23:04:06.134328+00:00,2026-09-15,2025-08-20,1,32.43,21.72,35.67,23.72,37.22,5.82
2026-09-30,post_dam,2026-09-29T23:04:06.134328+00:00,2026-09-15,2025-08-20,2,36.94,25.83,41.99,26.86,35.63,7.33
2026-09-30,post_dam,2026-09-29T23:04:06.134328+00:00,2026-09-15,2025-08-20,3,35.89,25.39,39.73,24.84,35.25,8.68
2026-09-30,post_dam,2026-09-29T23:04:06.134328+00:00,2026-09-15,2025-08-20,4,36.42,25.54,40.95,19.79,30.71,10.04
2026-09-30,post_dam,2026-09-29T23:04:06.134328+00:00,2026-09-15,2025-08-20,5,39.96,29.84,52.35,35.86,33.48,9.96
2026-09-30,post_dam,2026-09-29T23:04:06.134328+00:00,2026-09-15,2025-08-20,6,44.79,36.29,63.9,35.19,44.85,9.11
2026-09-30,post_dam,2026-09-29T23:04:06.134328+00:00,2026-09-15,2025-08-20,7,54.37,37.62,112.84,28.97,65.93,8.61
2026-09-30,post_dam,2026-09-29T23:04:06.134328+00:00,2026-09-15,2025-08-20,8,52.99,37.11,73.5,32.4,95.55,7.72
2026-09-30,post_dam,2026-09-29T23:04:06.134328+00:00,2026-09-15,2025-08-20,9,52.23,36.18,72.18,15.36,52.87,9.55
2026-09-30,post_dam,2026-09-29T23:04:06.134328+00:00,2026-09-15,2025-08-20,10,47.62,36.5,66.64,32.91,35.4,12.18
2026-09-30,post_dam,2026-09-29T23:04:06.134328+00:00,2026-09-15,2025-08-20,11,47.6,36.2,67.03,34.03,40.65,10.3
2026-09-30,post_dam,2026-09-29T23:04:06.134328+00:00,2026-09-15,2025-08-20,12,57.18,37.65,110.58,49.36,36.26,11.45
2026-09-30,post_dam,2026-09-29T23:04:06.134328+00:00,2026-09-15,2025-08-20,13,59.84,36.97,112.56,68.38,45.61,10.5
2026-09-30,post_dam,2026-09-29T23:04:06.134328+00:00,2026-09-15,2025-08-20,14,72.66,38.6,123.4,65.72,56.06,10.43
2026-09-30,post_dam,2026-09-29T23:04:06.134328+00:00,2026-09-15,2025-08-20,15,58.38,38.25,122.57,45.16,39.26,9.87
2026-09-30,post_dam,2026-09-29T23:04:06.134328+00:00,2026-09-15,2025-08-20,16,82.02,39.26,156.79,34.7,38.54,14.0
2026-09-30,post_dam,2026-09-29T23:04:06.134328+00:00,2026-09-15,2025-08-20,17,85.06,39.88,155.82,39.77,35.02,13.38
2026-09-30,post_dam,2026-09-29T23:04:06.134328+00:00,2026-09-15,2025-08-20,18,101.3,40.2,150.88,56.06,33.94,10.69
2026-09-30,post_dam,2026-09-29T23:04:06.134328+00:00,2026-09-15,2025-08-20,19,112.66,40.52,158.7,65.21,35.16,25.15
2026-09-30,post_dam,2026-09-29T23:04:06.134328+00:00,2026-09-15,2025-08-20,20,96.28,40.4,145.59,60.32,45.94,10.42
2026-09-30,post_dam,2026-09-29T23:04:06.134328+00:00,2026-09-15,2025-08-20,21,75.43,40.25,117.0,65.84,44.76,11.53
2026-09-30,post_dam,2026-09-29T23:04:06.134328+00:00,2026-09-15,2025-08-20,22,57.95,38.4,71.11,51.21,57.79,11.63
2026-09-30,post_dam,2026-09-29T23:04:06.134328+00:00,2026-09-15,2025-08-20,23,48.88,31.44,54.56,44.75,32.39,8.52
2026-09-30,post_dam,2026-09-29T23:04:06.134328+00:00,2026-09-15,2025-08-20,24,45.14,28.43,51.52,38.07,28.49,6.09
2026-09-30,pre_dam,2026-09-29T13:01:32.528453+00:00,2026-09-15,2025-08-20,1,39.83,25.09,47.49,23.72,37.22,5.47
2026-09-30,pre_dam,2026-09-29T13:01:32.528453+00:00,2026-09-15,2025-08-20,2,36.42,25.23,44.63,26.86,35.63,6.73
2026-09-30,pre_dam,2026-09-29T13:01:32.528453+00:00,2026-09-15,2025-08-20,3,34.21,21.31,42.95,24.84,35.25,7.53
2026-09-30,pre_dam,2026-09-29T13:01:32.528453+00:00,2026-09-15,2025-08-20,4,34.21,21.24,43.01,19.79,30.71,9.35
2026-09-30,pre_dam,2026-09-29T13:01:32.528453+00:00,2026-09-15,2025-08-20,5,41.12,27.21,52.56,35.86,33.48,8.77
2026-09-30,pre_dam,2026-09-29T13:01:32.528453+00:00,2026-09-15,2025-08-20,6,44.88,33.96,61.07,35.19,44.85,7.94
2026-09-30,pre_dam,2026-09-29T13:01:32.528453+00:00,2026-09-15,2025-08-20,7,51.39,36.72,71.12,28.97,65.93,8.18
2026-09-30,pre_dam,2026-09-29T13:01:32.528453+00:00,2026-09-15,2025-08-20,8,56.79,36.11,75.57,32.4,95.55,9.33
2026-09-30,pre_dam,2026-09-29T13:01:32.528453+00:00,2026-09-15,2025-08-20,9,49.44,34.02,73.1,15.36,52.87,9.57
2026-09-30,pre_dam,2026-09-29T13:01:32.528453+00:00,2026-09-15,2025-08-20,10,46.97,33.26,68.0,32.91,35.4,12.2
2026-09-30,pre_dam,2026-09-29T13:01:32.528453+00:00,2026-09-15,2025-08-20,11,46.31,33.39,70.82,34.03,40.65,9.49
2026-09-30,pre_dam,2026-09-29T13:01:32.528453+00:00,2026-09-15,2025-08-20,12,45.68,33.37,72.66,49.36,36.26,10.82
2026-09-30,pre_dam,2026-09-29T13:01:32.528453+00:00,2026-09-15,2025-08-20,13,52.4,35.59,70.64,68.38,45.61,11.06
2026-09-30,pre_dam,2026-09-29T13:01:32.528453+00:00,2026-09-15,2025-08-20,14,49.02,37.41,70.06,65.72,56.06,9.84
2026-09-30,pre_dam,2026-09-29T13:01:32.528453+00:00,2026-09-15,2025-08-20,15,59.28,37.29,107.07,45.16,39.26,10.71
2026-09-30,pre_dam,2026-09-29T13:01:32.528453+00:00,2026-09-15,2025-08-20,16,73.97,38.79,128.54,34.7,38.54,15.44
2026-09-30,pre_dam,2026-09-29T13:01:32.528453+00:00,2026-09-15,2025-08-20,17,74.08,39.56,141.21,39.77,35.02,13.68
2026-09-30,pre_dam,2026-09-29T13:01:32.528453+00:00,2026-09-15,2025-08-20,18,70.49,40.01,139.44,56.06,33.94,10.29
2026-09-30,pre_dam,2026-09-29T13:01:32.528453+00:00,2026-09-15,2025-08-20,19,69.13,40.32,139.68,65.21,35.16,25.55
2026-09-30,pre_dam,2026-09-29T13:01:32.528453+00:00,2026-09-15,2025-08-20,20,74.68,40.32,132.47,60.32,45.94,10.21
2026-09-30,pre_dam,2026-09-29T13:01:32.528453+00:00,2026-09-15,2025-08-20,21,69.47,39.67,115.05,65.84,44.76,12.4
2026-09-30,pre_dam,2026-09-29T13:01:32.528453+00:00,2026-09-15,2025-08-20,22,50.75,36.99,72.85,51.21,57.79,11.97
2026-09-30,pre_dam,2026-09-29T13:01:32.528453+00:00,2026-09-15,2025-08-20,23,48.0,33.04,57.82,44.75,32.39,8.74
2026-09-30,pre_dam,2026-09-29T13:01:32.528453+00:00,2026-09-15,2025-08-20,24,38.13,28.42,57.21,38.07,28.49,6.3
2026-10-01,pre_dam,2026-09-30T13:01:34.122749+00:00,2026-09-30,2026-09-15,1,37.91,28.31,41.68,35.95,23.72,5.42
2026-10-01,pre_dam,2026-09-30T13:01:34.122749+00:00,2026-09-30,2026-09-15,2,38.62,28.14,42.98,35.27,26.86,6.57
2026-10-01,pre_dam,2026-09-30T13:01:34.122749+00:00,2026-09-30,2026-09-15,3,35.07,27.06,44.9,30.86,24.84,7.66
2026-10-01,pre_dam,2026-09-30T13:01:34.122749+00:00,2026-09-30,2026-09-15,4,35.36,27.29,43.98,33.06,19.79,9.3
2026-10-01,pre_dam,2026-09-30T13:01:34.122749+00:00,2026-09-30,2026-09-15,5,40.55,31.9,53.96,25.38,35.86,9.64
2026-10-01,pre_dam,2026-09-30T13:01:34.122749+00:00,2026-09-30,2026-09-15,6,49.63,36.63,71.35,37.46,35.19,7.49
2026-10-01,pre_dam,2026-09-30T13:01:34.122749+00:00,2026-09-30,2026-09-15,7,60.7,37.92,102.83,37.34,28.97,9.0
2026-10-01,pre_dam,2026-09-30T13:01:34.122749+00:00,2026-09-30,2026-09-15,8,63.43,37.85,107.47,36.96,32.4,8.26
2026-10-01,pre_dam,2026-09-30T13:01:34.122749+00:00,2026-09-30,2026-09-15,9,63.37,38.08,107.22,,15.36,9.67
2026-10-01,pre_dam,2026-09-30T13:01:34.122749+00:00,2026-09-30,2026-09-15,10,65.11,37.9,127.95,,32.91,11.43
2026-10-01,pre_dam,2026-09-30T13:01:34.122749+00:00,2026-09-30,2026-09-15,11,56.12,37.46,91.53,,34.03,9.36
2026-10-01,pre_dam,2026-09-30T13:01:34.122749+00:00,2026-09-30,2026-09-15,12,63.82,36.73,119.88,,49.36,10.69
2026-10-01,pre_dam,2026-09-30T13:01:34.122749+00:00,2026-09-30,2026-09-15,13,75.92,37.61,133.47,,68.38,10.67
2026-10-01,pre_dam,2026-09-30T13:01:34.122749+00:00,2026-09-30,2026-09-15,14,75.92,35.97,144.28,,65.72,10.83
2026-10-01,pre_dam,2026-09-30T13:01:34.122749+00:00,2026-09-30,2026-09-15,15,90.26,38.31,155.66,,45.16,10.18
2026-10-01,pre_dam,2026-09-30T13:01:34.122749+00:00,2026-09-30,2026-09-15,16,95.27,39.03,164.05,,34.7,15.82
2026-10-01,pre_dam,2026-09-30T13:01:34.122749+00:00,2026-09-30,2026-09-15,17,100.42,38.93,183.4,,39.77,14.76
2026-10-01,pre_dam,2026-09-30T13:01:34.122749+00:00,2026-09-30,2026-09-15,18,77.87,39.5,150.91,,56.06,12.29
2026-10-01,pre_dam,2026-09-30T13:01:34.122749+00:00,2026-09-30,2026-09-15,19,77.87,40.33,155.99,,65.21,24.46
2026-10-01,pre_dam,2026-09-30T13:01:34.122749+00:00,2026-09-30,2026-09-15,20,77.2,40.57,140.26,,60.32,8.59
2026-10-01,pre_dam,2026-09-30T13:01:34.122749+00:00,2026-09-30,2026-09-15,21,70.19,40.41,129.74,,65.84,11.55
2026-10-01,pre_dam,2026-09-30T13:01:34.122749+00:00,2026-09-30,2026-09-15,22,61.01,38.51,111.42,,51.21,11.83
2026-10-01,pre_dam,2026-09-30T13:01:34.122749+00:00,2026-09-30,2026-09-15,23,47.86,34.22,66.38,,44.75,7.75
2026-10-01,pre_dam,2026-09-30T13:01:34.122749+00:00,2026-09-30,2026-09-15,24,45.05,32.82,59.46,,38.07,6.3
