hour,p_pos,p_big_pos,p_big_neg,p_low_rt,call,confidence,edge,tier,big_pos_watch,big_neg_watch,sbg_watch
1,0.623,0.007,0.031,0.015,DART > 0,57.8,0.24,low,False,False,False
2,0.637,0.004,0.025,0.009,DART > 0,57.8,0.24,low,False,False,False
3,0.636,0.004,0.027,0.009,DART > 0,57.8,0.24,low,False,False,False
4,0.694,0.003,0.025,0.01,DART > 0,65.5,4.27,medium,False,False,False
5,0.718,0.003,0.041,0.002,DART > 0,65.5,4.27,medium,False,False,False
6,0.62,0.002,0.048,0.002,DART > 0,57.8,0.24,low,False,False,False
7,0.596,0.005,0.063,0.002,DART > 0,57.8,0.24,low,False,False,False
8,0.522,0.003,0.092,0.002,DART > 0,57.8,0.24,low,False,False,False
9,0.642,0.002,0.062,0.002,DART > 0,57.8,0.24,low,False,False,False
10,0.644,0.003,0.051,0.003,DART > 0,57.8,0.24,low,False,False,False
11,0.677,0.004,0.041,0.002,DART > 0,65.5,4.27,medium,False,False,False
12,0.591,0.006,0.035,0.002,DART > 0,57.8,0.24,low,False,False,False
13,0.625,0.006,0.041,0.003,DART > 0,57.8,0.24,low,False,False,False
14,0.707,0.004,0.039,0.003,DART > 0,65.5,4.27,medium,False,False,False
15,0.727,0.004,0.043,0.019,DART > 0,65.5,4.27,medium,False,False,False
16,0.647,0.003,0.055,0.026,DART > 0,57.8,0.24,low,False,False,False
17,0.65,0.008,0.161,0.007,DART > 0,65.5,4.27,medium,False,True,False
18,0.702,0.088,0.134,0.007,DART > 0,65.5,4.27,medium,True,False,False
19,0.843,0.613,0.11,0.006,DART > 0,70.2,2.87,low,True,False,False
20,0.635,0.046,0.144,0.003,DART > 0,57.8,0.24,low,False,False,False
21,0.642,0.026,0.135,0.002,DART > 0,57.8,0.24,low,False,False,False
22,0.611,0.008,0.174,0.002,DART > 0,57.8,0.24,low,False,True,False
23,0.586,0.009,0.086,0.003,DART > 0,57.8,0.24,low,False,False,False
24,0.621,0.007,0.138,0.005,DART > 0,57.8,0.24,low,False,False,False
