target_date,vintage,generated_at,backfilled,hour,p_pos,p_big_pos,p_big_neg,p_low_rt,call,tier,confidence,edge,big_pos_watch,big_neg_watch,sbg_watch
2026-09-24,post_dam,2026-09-23T22:23:57.922764+00:00,False,1,0.569,0.0,0.002,0.031,DART < 0,medium,43.5,4.07,False,False,False
2026-09-24,post_dam,2026-09-23T22:23:57.922764+00:00,False,2,0.48,0.0,0.002,0.032,DART > 0,low,59.3,0.13,False,False,False
2026-09-24,post_dam,2026-09-23T22:23:57.922764+00:00,False,3,0.435,0.0,0.001,0.027,DART > 0,low,59.3,0.13,False,False,False
2026-09-24,post_dam,2026-09-23T22:23:57.922764+00:00,False,4,0.431,0.0,0.002,0.019,DART > 0,low,59.3,0.13,False,False,False
2026-09-24,post_dam,2026-09-23T22:23:57.922764+00:00,False,5,0.555,0.0,0.002,0.01,DART < 0,medium,43.5,4.07,False,False,False
2026-09-24,post_dam,2026-09-23T22:23:57.922764+00:00,False,6,0.575,0.001,0.007,0.003,DART < 0,medium,43.5,4.07,False,False,False
2026-09-24,post_dam,2026-09-23T22:23:57.922764+00:00,False,7,0.592,0.001,0.031,0.002,DART < 0,medium,43.5,4.07,False,False,False
2026-09-24,post_dam,2026-09-23T22:23:57.922764+00:00,False,8,0.495,0.001,0.017,0.002,DART > 0,low,59.3,0.13,False,False,False
2026-09-24,post_dam,2026-09-23T22:23:57.922764+00:00,False,9,0.542,0.0,0.009,0.004,DART < 0,medium,43.5,4.07,False,False,False
2026-09-24,post_dam,2026-09-23T22:23:57.922764+00:00,False,10,0.585,0.0,0.004,0.007,DART < 0,medium,43.5,4.07,False,False,False
2026-09-24,post_dam,2026-09-23T22:23:57.922764+00:00,False,11,0.568,0.0,0.005,0.009,DART < 0,medium,43.5,4.07,False,False,False
2026-09-24,post_dam,2026-09-23T22:23:57.922764+00:00,False,12,0.609,0.0,0.008,0.006,DART < 0,medium,43.5,4.07,False,False,False
2026-09-24,post_dam,2026-09-23T22:23:57.922764+00:00,False,13,0.584,0.0,0.007,0.005,DART < 0,medium,43.5,4.07,False,False,False
2026-09-24,post_dam,2026-09-23T22:23:57.922764+00:00,False,14,0.61,0.0,0.005,0.004,DART < 0,medium,43.5,4.07,False,False,False
2026-09-24,post_dam,2026-09-23T22:23:57.922764+00:00,False,15,0.694,0.0,0.018,0.003,DART > 0,low,59.2,2.54,False,False,False
2026-09-24,post_dam,2026-09-23T22:23:57.922764+00:00,False,16,0.504,0.0,0.019,0.003,DART < 0,medium,43.5,4.07,False,False,False
2026-09-24,post_dam,2026-09-23T22:23:57.922764+00:00,False,17,0.553,0.001,0.024,0.001,DART < 0,medium,43.5,4.07,False,False,False
2026-09-24,post_dam,2026-09-23T22:23:57.922764+00:00,False,18,0.631,0.002,0.053,0.001,DART < 0,medium,43.5,4.07,False,False,False
2026-09-24,post_dam,2026-09-23T22:23:57.922764+00:00,False,19,0.708,0.003,0.081,0.001,DART > 0,low,59.2,2.54,False,False,False
2026-09-24,post_dam,2026-09-23T22:23:57.922764+00:00,False,20,0.684,0.002,0.081,0.001,DART > 0,low,59.2,2.54,False,False,False
2026-09-24,post_dam,2026-09-23T22:23:57.922764+00:00,False,21,0.628,0.001,0.026,0.002,DART < 0,medium,43.5,4.07,False,False,False
2026-09-24,post_dam,2026-09-23T22:23:57.922764+00:00,False,22,0.659,0.0,0.026,0.003,DART > 0,low,59.2,2.54,False,False,False
2026-09-24,post_dam,2026-09-23T22:23:57.922764+00:00,False,23,0.625,0.0,0.009,0.005,DART < 0,medium,43.5,4.07,False,False,False
2026-09-24,post_dam,2026-09-23T22:23:57.922764+00:00,False,24,0.73,0.0,0.002,0.006,DART > 0,low,59.2,2.54,False,False,False
2026-09-24,pre_dam,2026-09-23T13:01:47.048781+00:00,False,1,0.594,0.0,0.002,0.014,DART < 0,low,44.7,2.18,False,False,False
2026-09-24,pre_dam,2026-09-23T13:01:47.048781+00:00,False,2,0.533,0.0,0.002,0.016,DART < 0,low,44.7,2.18,False,False,False
2026-09-24,pre_dam,2026-09-23T13:01:47.048781+00:00,False,3,0.526,0.0,0.002,0.019,DART < 0,low,44.7,2.18,False,False,False
2026-09-24,pre_dam,2026-09-23T13:01:47.048781+00:00,False,4,0.476,0.0,0.002,0.021,DART < 0,low,39.9,0.96,False,False,False
2026-09-24,pre_dam,2026-09-23T13:01:47.048781+00:00,False,5,0.655,0.0,0.003,0.007,DART < 0,low,42.4,0.43,False,False,False
2026-09-24,pre_dam,2026-09-23T13:01:47.048781+00:00,False,6,0.61,0.0,0.01,0.004,DART < 0,low,44.7,2.18,False,False,False
2026-09-24,pre_dam,2026-09-23T13:01:47.048781+00:00,False,7,0.62,0.001,0.022,0.002,DART < 0,low,44.7,2.18,False,False,False
2026-09-24,pre_dam,2026-09-23T13:01:47.048781+00:00,False,8,0.592,0.001,0.017,0.002,DART < 0,low,44.7,2.18,False,False,False
2026-09-24,pre_dam,2026-09-23T13:01:47.048781+00:00,False,9,0.589,0.0,0.011,0.003,DART < 0,low,44.7,2.18,False,False,False
2026-09-24,pre_dam,2026-09-23T13:01:47.048781+00:00,False,10,0.687,0.0,0.008,0.007,DART < 0,low,42.4,0.43,False,False,False
2026-09-24,pre_dam,2026-09-23T13:01:47.048781+00:00,False,11,0.709,0.0,0.008,0.011,DART < 0,low,42.4,0.43,False,False,False
2026-09-24,pre_dam,2026-09-23T13:01:47.048781+00:00,False,12,0.712,0.0,0.012,0.009,DART < 0,low,42.4,0.43,False,False,False
2026-09-24,pre_dam,2026-09-23T13:01:47.048781+00:00,False,13,0.659,0.0,0.009,0.01,DART < 0,low,42.4,0.43,False,False,False
2026-09-24,pre_dam,2026-09-23T13:01:47.048781+00:00,False,14,0.676,0.0,0.007,0.006,DART < 0,low,42.4,0.43,False,False,False
2026-09-24,pre_dam,2026-09-23T13:01:47.048781+00:00,False,15,0.722,0.0,0.019,0.003,DART < 0,low,42.4,0.43,False,False,False
2026-09-24,pre_dam,2026-09-23T13:01:47.048781+00:00,False,16,0.57,0.0,0.03,0.002,DART < 0,low,44.7,2.18,False,False,False
2026-09-24,pre_dam,2026-09-23T13:01:47.048781+00:00,False,17,0.595,0.001,0.042,0.001,DART < 0,low,44.7,2.18,False,False,False
2026-09-24,pre_dam,2026-09-23T13:01:47.048781+00:00,False,18,0.659,0.003,0.111,0.001,DART < 0,low,42.4,0.43,False,False,False
2026-09-24,pre_dam,2026-09-23T13:01:47.048781+00:00,False,19,0.716,0.003,0.116,0.001,DART < 0,low,42.4,0.43,False,False,False
2026-09-24,pre_dam,2026-09-23T13:01:47.048781+00:00,False,20,0.726,0.002,0.085,0.001,DART < 0,low,42.4,0.43,False,False,False
2026-09-24,pre_dam,2026-09-23T13:01:47.048781+00:00,False,21,0.644,0.001,0.03,0.002,DART < 0,low,44.7,2.18,False,False,False
2026-09-24,pre_dam,2026-09-23T13:01:47.048781+00:00,False,22,0.644,0.0,0.031,0.002,DART < 0,low,44.7,2.18,False,False,False
2026-09-24,pre_dam,2026-09-23T13:01:47.048781+00:00,False,23,0.653,0.0,0.005,0.006,DART < 0,low,42.4,0.43,False,False,False
2026-09-24,pre_dam,2026-09-23T13:01:47.048781+00:00,False,24,0.705,0.0,0.003,0.005,DART < 0,low,42.4,0.43,False,False,False
2026-09-25,post_dam,2026-09-24T22:34:54.596053+00:00,False,1,0.707,0.0,0.01,0.003,DART > 0,low,56.5,1.12,False,False,False
2026-09-25,post_dam,2026-09-24T22:34:54.596053+00:00,False,2,0.711,0.0,0.004,0.003,DART > 0,low,56.5,1.12,False,False,False
2026-09-25,post_dam,2026-09-24T22:34:54.596053+00:00,False,3,0.696,0.0,0.003,0.006,DART > 0,low,56.5,1.12,False,False,False
2026-09-25,post_dam,2026-09-24T22:34:54.596053+00:00,False,4,0.686,0.0,0.003,0.006,DART > 0,low,56.5,1.12,False,False,False
2026-09-25,post_dam,2026-09-24T22:34:54.596053+00:00,False,5,0.611,0.0,0.007,0.002,DART < 0,medium,45.9,3.36,False,False,False
2026-09-25,post_dam,2026-09-24T22:34:54.596053+00:00,False,6,0.563,0.001,0.023,0.001,DART < 0,medium,45.9,3.36,False,False,False
2026-09-25,post_dam,2026-09-24T22:34:54.596053+00:00,False,7,0.606,0.002,0.062,0.001,DART < 0,medium,45.9,3.36,False,False,False
2026-09-25,post_dam,2026-09-24T22:34:54.596053+00:00,False,8,0.543,0.001,0.075,0.001,DART < 0,medium,45.9,3.36,False,False,False
2026-09-25,post_dam,2026-09-24T22:34:54.596053+00:00,False,9,0.641,0.001,0.037,0.001,DART < 0,medium,45.9,3.36,False,False,False
2026-09-25,post_dam,2026-09-24T22:34:54.596053+00:00,False,10,0.645,0.0,0.016,0.001,DART < 0,medium,45.9,3.36,False,False,False
2026-09-25,post_dam,2026-09-24T22:34:54.596053+00:00,False,11,0.619,0.0,0.029,0.002,DART < 0,medium,45.9,3.36,False,False,False
2026-09-25,post_dam,2026-09-24T22:34:54.596053+00:00,False,12,0.637,0.0,0.025,0.002,DART < 0,medium,45.9,3.36,False,False,False
2026-09-25,post_dam,2026-09-24T22:34:54.596053+00:00,False,13,0.625,0.001,0.026,0.001,DART < 0,medium,45.9,3.36,False,False,False
2026-09-25,post_dam,2026-09-24T22:34:54.596053+00:00,False,14,0.665,0.001,0.02,0.001,DART > 0,low,56.5,1.12,False,False,False
2026-09-25,post_dam,2026-09-24T22:34:54.596053+00:00,False,15,0.586,0.0,0.02,0.001,DART < 0,medium,45.9,3.36,False,False,False
2026-09-25,post_dam,2026-09-24T22:34:54.596053+00:00,False,16,0.64,0.0,0.028,0.001,DART < 0,medium,45.9,3.36,False,False,False
2026-09-25,post_dam,2026-09-24T22:34:54.596053+00:00,False,17,0.691,0.001,0.087,0.001,DART > 0,low,56.5,1.12,False,False,False
2026-09-25,post_dam,2026-09-24T22:34:54.596053+00:00,False,18,0.754,0.002,0.096,0.001,DART > 0,low,56.5,1.12,False,False,False
2026-09-25,post_dam,2026-09-24T22:34:54.596053+00:00,False,19,0.678,0.002,0.126,0.001,DART > 0,low,56.5,1.12,False,False,False
2026-09-25,post_dam,2026-09-24T22:34:54.596053+00:00,False,20,0.654,0.001,0.129,0.001,DART > 0,low,56.5,1.12,False,False,False
2026-09-25,post_dam,2026-09-24T22:34:54.596053+00:00,False,21,0.647,0.001,0.037,0.001,DART < 0,medium,45.9,3.36,False,False,False
2026-09-25,post_dam,2026-09-24T22:34:54.596053+00:00,False,22,0.739,0.0,0.034,0.001,DART > 0,low,56.5,1.12,False,False,False
2026-09-25,post_dam,2026-09-24T22:34:54.596053+00:00,False,23,0.756,0.0,0.004,0.002,DART > 0,low,56.5,1.12,False,False,False
2026-09-25,post_dam,2026-09-24T22:34:54.596053+00:00,False,24,0.781,0.0,0.004,0.005,DART > 0,low,56.5,1.12,False,False,False
2026-09-25,pre_dam,2026-09-24T13:01:34.239434+00:00,False,1,0.603,0.0,0.004,0.005,DART < 0,low,44.3,2.43,False,False,False
2026-09-25,pre_dam,2026-09-24T13:01:34.239434+00:00,False,2,0.568,0.0,0.003,0.005,DART < 0,low,44.3,2.43,False,False,False
2026-09-25,pre_dam,2026-09-24T13:01:34.239434+00:00,False,3,0.599,0.0,0.003,0.007,DART < 0,low,44.3,2.43,False,False,False
2026-09-25,pre_dam,2026-09-24T13:01:34.239434+00:00,False,4,0.587,0.0,0.003,0.008,DART < 0,low,44.3,2.43,False,False,False
2026-09-25,pre_dam,2026-09-24T13:01:34.239434+00:00,False,5,0.443,0.0,0.007,0.004,DART < 0,low,36.7,1.16,False,False,False
2026-09-25,pre_dam,2026-09-24T13:01:34.239434+00:00,False,6,0.467,0.0,0.013,0.001,DART < 0,low,36.7,1.16,False,False,False
2026-09-25,pre_dam,2026-09-24T13:01:34.239434+00:00,False,7,0.437,0.001,0.045,0.001,DART < 0,low,36.7,1.16,False,False,False
2026-09-25,pre_dam,2026-09-24T13:01:34.239434+00:00,False,8,0.41,0.001,0.036,0.001,DART < 0,low,36.7,1.16,False,False,False
2026-09-25,pre_dam,2026-09-24T13:01:34.239434+00:00,False,9,0.48,0.0,0.031,0.001,DART < 0,low,36.7,1.16,False,False,False
2026-09-25,pre_dam,2026-09-24T13:01:34.239434+00:00,False,10,0.542,0.0,0.015,0.002,DART < 0,low,44.3,2.43,False,False,False
2026-09-25,pre_dam,2026-09-24T13:01:34.239434+00:00,False,11,0.496,0.0,0.021,0.002,DART < 0,low,36.7,1.16,False,False,False
2026-09-25,pre_dam,2026-09-24T13:01:34.239434+00:00,False,12,0.598,0.0,0.02,0.001,DART < 0,low,44.3,2.43,False,False,False
2026-09-25,pre_dam,2026-09-24T13:01:34.239434+00:00,False,13,0.543,0.0,0.024,0.001,DART < 0,low,44.3,2.43,False,False,False
2026-09-25,pre_dam,2026-09-24T13:01:34.239434+00:00,False,14,0.601,0.0,0.021,0.001,DART < 0,low,44.3,2.43,False,False,False
2026-09-25,pre_dam,2026-09-24T13:01:34.239434+00:00,False,15,0.581,0.0,0.021,0.001,DART < 0,low,44.3,2.43,False,False,False
2026-09-25,pre_dam,2026-09-24T13:01:34.239434+00:00,False,16,0.612,0.0,0.031,0.001,DART < 0,low,44.3,2.43,False,False,False
2026-09-25,pre_dam,2026-09-24T13:01:34.239434+00:00,False,17,0.604,0.001,0.068,0.001,DART < 0,low,44.3,2.43,False,False,False
2026-09-25,pre_dam,2026-09-24T13:01:34.239434+00:00,False,18,0.649,0.002,0.082,0.001,DART < 0,low,44.3,2.43,False,False,False
2026-09-25,pre_dam,2026-09-24T13:01:34.239434+00:00,False,19,0.701,0.002,0.091,0.001,DART > 0,low,57.8,1.39,False,False,False
2026-09-25,pre_dam,2026-09-24T13:01:34.239434+00:00,False,20,0.665,0.003,0.092,0.001,DART > 0,low,57.8,1.39,False,False,False
2026-09-25,pre_dam,2026-09-24T13:01:34.239434+00:00,False,21,0.613,0.001,0.028,0.001,DART < 0,low,44.3,2.43,False,False,False
2026-09-25,pre_dam,2026-09-24T13:01:34.239434+00:00,False,22,0.653,0.0,0.025,0.005,DART > 0,low,57.8,1.39,False,False,False
2026-09-25,pre_dam,2026-09-24T13:01:34.239434+00:00,False,23,0.679,0.0,0.004,0.005,DART > 0,low,57.8,1.39,False,False,False
2026-09-25,pre_dam,2026-09-24T13:01:34.239434+00:00,False,24,0.747,0.001,0.004,0.01,DART > 0,low,57.8,1.39,False,False,False
2026-09-26,post_dam,2026-09-25T22:34:08.092692+00:00,False,1,0.625,0.0,0.004,0.005,DART < 0,low,43.9,2.75,False,False,False
2026-09-26,post_dam,2026-09-25T22:34:08.092692+00:00,False,2,0.561,0.0,0.003,0.005,DART < 0,low,43.9,2.75,False,False,False
2026-09-26,post_dam,2026-09-25T22:34:08.092692+00:00,False,3,0.609,0.0,0.003,0.019,DART < 0,low,43.9,2.75,False,False,False
2026-09-26,post_dam,2026-09-25T22:34:08.092692+00:00,False,4,0.569,0.0,0.005,0.017,DART < 0,low,43.9,2.75,False,False,False
2026-09-26,post_dam,2026-09-25T22:34:08.092692+00:00,False,5,0.561,0.0,0.002,0.015,DART < 0,low,43.9,2.75,False,False,False
2026-09-26,post_dam,2026-09-25T22:34:08.092692+00:00,False,6,0.537,0.0,0.002,0.013,DART < 0,low,43.9,2.75,False,False,False
2026-09-26,post_dam,2026-09-25T22:34:08.092692+00:00,False,7,0.661,0.001,0.006,0.006,DART < 0,low,44.1,0.48,False,False,False
2026-09-26,post_dam,2026-09-25T22:34:08.092692+00:00,False,8,0.661,0.001,0.004,0.003,DART < 0,low,44.1,0.48,False,False,False
2026-09-26,post_dam,2026-09-25T22:34:08.092692+00:00,False,9,0.653,0.0,0.005,0.001,DART < 0,low,44.1,0.48,False,False,False
2026-09-26,post_dam,2026-09-25T22:34:08.092692+00:00,False,10,0.649,0.0,0.004,0.002,DART < 0,low,43.9,2.75,False,False,False
2026-09-26,post_dam,2026-09-25T22:34:08.092692+00:00,False,11,0.584,0.0,0.006,0.001,DART < 0,low,43.9,2.75,False,False,False
2026-09-26,post_dam,2026-09-25T22:34:08.092692+00:00,False,12,0.578,0.0,0.004,0.002,DART < 0,low,43.9,2.75,False,False,False
2026-09-26,post_dam,2026-09-25T22:34:08.092692+00:00,False,13,0.536,0.0,0.004,0.002,DART < 0,low,43.9,2.75,False,False,False
2026-09-26,post_dam,2026-09-25T22:34:08.092692+00:00,False,14,0.585,0.0,0.003,0.003,DART < 0,low,43.9,2.75,False,False,False
2026-09-26,post_dam,2026-09-25T22:34:08.092692+00:00,False,15,0.6,0.001,0.005,0.003,DART < 0,low,43.9,2.75,False,False,False
2026-09-26,post_dam,2026-09-25T22:34:08.092692+00:00,False,16,0.546,0.0,0.027,0.001,DART < 0,low,43.9,2.75,False,False,False
2026-09-26,post_dam,2026-09-25T22:34:08.092692+00:00,False,17,0.546,0.005,0.04,0.0,DART < 0,low,43.9,2.75,False,False,False
2026-09-26,post_dam,2026-09-25T22:34:08.092692+00:00,False,18,0.621,0.004,0.043,0.0,DART < 0,low,43.9,2.75,False,False,False
2026-09-26,post_dam,2026-09-25T22:34:08.092692+00:00,False,19,0.62,0.004,0.035,0.001,DART < 0,low,43.9,2.75,False,False,False
2026-09-26,post_dam,2026-09-25T22:34:08.092692+00:00,False,20,0.629,0.001,0.028,0.001,DART < 0,low,43.9,2.75,False,False,False
2026-09-26,post_dam,2026-09-25T22:34:08.092692+00:00,False,21,0.61,0.001,0.036,0.001,DART < 0,low,43.9,2.75,False,False,False
2026-09-26,post_dam,2026-09-25T22:34:08.092692+00:00,False,22,0.573,0.001,0.04,0.003,DART < 0,low,43.9,2.75,False,False,False
2026-09-26,post_dam,2026-09-25T22:34:08.092692+00:00,False,23,0.753,0.001,0.007,0.004,DART < 0,low,44.1,0.48,False,False,False
2026-09-26,post_dam,2026-09-25T22:34:08.092692+00:00,False,24,0.723,0.001,0.008,0.009,DART < 0,low,44.1,0.48,False,False,False
2026-09-26,pre_dam,2026-09-25T13:01:36.006325+00:00,False,1,0.746,0.0,0.005,0.004,DART < 0,low,42.1,0.09,False,False,False
2026-09-26,pre_dam,2026-09-25T13:01:36.006325+00:00,False,2,0.59,0.0,0.004,0.005,DART < 0,medium,45.2,3.09,False,False,False
2026-09-26,pre_dam,2026-09-25T13:01:36.006325+00:00,False,3,0.485,0.0,0.006,0.015,DART > 0,low,61.5,0.07,False,False,False
2026-09-26,pre_dam,2026-09-25T13:01:36.006325+00:00,False,4,0.464,0.0,0.007,0.014,DART > 0,low,61.5,0.07,False,False,False
2026-09-26,pre_dam,2026-09-25T13:01:36.006325+00:00,False,5,0.503,0.0,0.006,0.016,DART < 0,medium,45.2,3.09,False,False,False
2026-09-26,pre_dam,2026-09-25T13:01:36.006325+00:00,False,6,0.592,0.0,0.006,0.01,DART < 0,medium,45.2,3.09,False,False,False
2026-09-26,pre_dam,2026-09-25T13:01:36.006325+00:00,False,7,0.686,0.0,0.007,0.006,DART < 0,low,42.1,0.09,False,False,False
2026-09-26,pre_dam,2026-09-25T13:01:36.006325+00:00,False,8,0.698,0.0,0.009,0.006,DART < 0,low,42.1,0.09,False,False,False
2026-09-26,pre_dam,2026-09-25T13:01:36.006325+00:00,False,9,0.692,0.0,0.007,0.001,DART < 0,low,42.1,0.09,False,False,False
2026-09-26,pre_dam,2026-09-25T13:01:36.006325+00:00,False,10,0.718,0.0,0.005,0.003,DART < 0,low,42.1,0.09,False,False,False
2026-09-26,pre_dam,2026-09-25T13:01:36.006325+00:00,False,11,0.653,0.0,0.006,0.002,DART < 0,low,42.1,0.09,False,False,False
2026-09-26,pre_dam,2026-09-25T13:01:36.006325+00:00,False,12,0.645,0.0,0.006,0.002,DART < 0,medium,45.2,3.09,False,False,False
2026-09-26,pre_dam,2026-09-25T13:01:36.006325+00:00,False,13,0.645,0.0,0.004,0.002,DART < 0,medium,45.2,3.09,False,False,False
2026-09-26,pre_dam,2026-09-25T13:01:36.006325+00:00,False,14,0.639,0.0,0.005,0.003,DART < 0,medium,45.2,3.09,False,False,False
2026-09-26,pre_dam,2026-09-25T13:01:36.006325+00:00,False,15,0.663,0.0,0.006,0.002,DART < 0,low,42.1,0.09,False,False,False
2026-09-26,pre_dam,2026-09-25T13:01:36.006325+00:00,False,16,0.627,0.0,0.023,0.001,DART < 0,medium,45.2,3.09,False,False,False
2026-09-26,pre_dam,2026-09-25T13:01:36.006325+00:00,False,17,0.613,0.001,0.029,0.0,DART < 0,medium,45.2,3.09,False,False,False
2026-09-26,pre_dam,2026-09-25T13:01:36.006325+00:00,False,18,0.742,0.004,0.032,0.001,DART < 0,low,42.1,0.09,False,False,False
2026-09-26,pre_dam,2026-09-25T13:01:36.006325+00:00,False,19,0.736,0.004,0.037,0.001,DART < 0,low,42.1,0.09,False,False,False
2026-09-26,pre_dam,2026-09-25T13:01:36.006325+00:00,False,20,0.728,0.001,0.034,0.001,DART < 0,low,42.1,0.09,False,False,False
2026-09-26,pre_dam,2026-09-25T13:01:36.006325+00:00,False,21,0.711,0.001,0.041,0.001,DART < 0,low,42.1,0.09,False,False,False
2026-09-26,pre_dam,2026-09-25T13:01:36.006325+00:00,False,22,0.64,0.0,0.035,0.004,DART < 0,medium,45.2,3.09,False,False,False
2026-09-26,pre_dam,2026-09-25T13:01:36.006325+00:00,False,23,0.739,0.0,0.008,0.008,DART < 0,low,42.1,0.09,False,False,False
2026-09-26,pre_dam,2026-09-25T13:01:36.006325+00:00,False,24,0.707,0.0,0.007,0.009,DART < 0,low,42.1,0.09,False,False,False
2026-09-27,post_dam,2026-09-27T01:41:02.038504+00:00,False,1,0.454,0.0,0.006,0.022,DART > 0,low,66.7,0.7,False,False,False
2026-09-27,post_dam,2026-09-27T01:41:02.038504+00:00,False,2,0.508,0.0,0.006,0.015,DART < 0,low,44.4,0.89,False,False,False
2026-09-27,post_dam,2026-09-27T01:41:02.038504+00:00,False,3,0.446,0.0,0.006,0.023,DART > 0,low,66.7,0.7,False,False,False
2026-09-27,post_dam,2026-09-27T01:41:02.038504+00:00,False,4,0.357,0.0,0.008,0.016,DART > 0,low,66.7,0.7,False,False,False
2026-09-27,post_dam,2026-09-27T01:41:02.038504+00:00,False,5,0.398,0.0,0.008,0.014,DART > 0,low,66.7,0.7,False,False,False
2026-09-27,post_dam,2026-09-27T01:41:02.038504+00:00,False,6,0.468,0.0,0.008,0.011,DART > 0,low,66.7,0.7,False,False,False
2026-09-27,post_dam,2026-09-27T01:41:02.038504+00:00,False,7,0.448,0.0,0.005,0.011,DART > 0,low,66.7,0.7,False,False,False
2026-09-27,post_dam,2026-09-27T01:41:02.038504+00:00,False,8,0.625,0.001,0.006,0.009,DART < 0,low,44.4,0.89,False,False,False
2026-09-27,post_dam,2026-09-27T01:41:02.038504+00:00,False,9,0.711,0.001,0.006,0.006,DART > 0,low,58.2,0.33,False,False,False
2026-09-27,post_dam,2026-09-27T01:41:02.038504+00:00,False,10,0.73,0.0,0.005,0.004,DART > 0,low,58.2,0.33,False,False,False
2026-09-27,post_dam,2026-09-27T01:41:02.038504+00:00,False,11,0.704,0.0,0.008,0.003,DART > 0,low,58.2,0.33,False,False,False
2026-09-27,post_dam,2026-09-27T01:41:02.038504+00:00,False,12,0.747,0.0,0.007,0.006,DART > 0,low,58.2,0.33,False,False,False
2026-09-27,post_dam,2026-09-27T01:41:02.038504+00:00,False,13,0.695,0.001,0.008,0.008,DART > 0,low,58.2,0.33,False,False,False
2026-09-27,post_dam,2026-09-27T01:41:02.038504+00:00,False,14,0.694,0.0,0.004,0.003,DART > 0,low,58.2,0.33,False,False,False
2026-09-27,post_dam,2026-09-27T01:41:02.038504+00:00,False,15,0.65,0.001,0.007,0.004,DART > 0,low,58.2,0.33,False,False,False
2026-09-27,post_dam,2026-09-27T01:41:02.038504+00:00,False,16,0.614,0.001,0.019,0.002,DART < 0,low,44.4,0.89,False,False,False
2026-09-27,post_dam,2026-09-27T01:41:02.038504+00:00,False,17,0.623,0.002,0.032,0.001,DART < 0,low,44.4,0.89,False,False,False
2026-09-27,post_dam,2026-09-27T01:41:02.038504+00:00,False,18,0.659,0.009,0.034,0.001,DART > 0,low,58.2,0.33,False,False,False
2026-09-27,post_dam,2026-09-27T01:41:02.038504+00:00,False,19,0.65,0.007,0.065,0.001,DART > 0,low,58.2,0.33,False,False,False
2026-09-27,post_dam,2026-09-27T01:41:02.038504+00:00,False,20,0.65,0.007,0.046,0.0,DART > 0,low,58.2,0.33,False,False,False
2026-09-27,post_dam,2026-09-27T01:41:02.038504+00:00,False,21,0.594,0.002,0.029,0.0,DART < 0,low,44.4,0.89,False,False,False
2026-09-27,post_dam,2026-09-27T01:41:02.038504+00:00,False,22,0.661,0.0,0.01,0.001,DART > 0,low,58.2,0.33,False,False,False
2026-09-27,post_dam,2026-09-27T01:41:02.038504+00:00,False,23,0.675,0.0,0.005,0.002,DART > 0,low,58.2,0.33,False,False,False
2026-09-27,post_dam,2026-09-27T01:41:02.038504+00:00,False,24,0.762,0.0,0.004,0.003,DART > 0,low,58.2,0.33,False,False,False
2026-09-27,pre_dam,2026-09-26T13:01:27.603212+00:00,False,1,0.586,0.0,0.004,0.018,DART < 0,low,41.6,0.29,False,False,False
2026-09-27,pre_dam,2026-09-26T13:01:27.603212+00:00,False,2,0.559,0.0,0.006,0.02,DART < 0,low,41.6,0.29,False,False,False
2026-09-27,pre_dam,2026-09-26T13:01:27.603212+00:00,False,3,0.484,0.0,0.005,0.021,DART < 0,low,37.5,1.08,False,False,False
2026-09-27,pre_dam,2026-09-26T13:01:27.603212+00:00,False,4,0.51,0.0,0.005,0.021,DART < 0,low,41.6,0.29,False,False,False
2026-09-27,pre_dam,2026-09-26T13:01:27.603212+00:00,False,5,0.503,0.0,0.005,0.015,DART < 0,low,41.6,0.29,False,False,False
2026-09-27,pre_dam,2026-09-26T13:01:27.603212+00:00,False,6,0.552,0.0,0.005,0.014,DART < 0,low,41.6,0.29,False,False,False
2026-09-27,pre_dam,2026-09-26T13:01:27.603212+00:00,False,7,0.578,0.001,0.004,0.013,DART < 0,low,41.6,0.29,False,False,False
2026-09-27,pre_dam,2026-09-26T13:01:27.603212+00:00,False,8,0.657,0.0,0.003,0.006,DART > 0,low,59.2,0.43,False,False,False
2026-09-27,pre_dam,2026-09-26T13:01:27.603212+00:00,False,9,0.693,0.001,0.007,0.007,DART > 0,low,59.2,0.43,False,False,False
2026-09-27,pre_dam,2026-09-26T13:01:27.603212+00:00,False,10,0.741,0.001,0.007,0.01,DART > 0,low,59.2,0.43,False,False,False
2026-09-27,pre_dam,2026-09-26T13:01:27.603212+00:00,False,11,0.737,0.001,0.009,0.009,DART > 0,low,59.2,0.43,False,False,False
2026-09-27,pre_dam,2026-09-26T13:01:27.603212+00:00,False,12,0.765,0.001,0.008,0.007,DART > 0,low,59.2,0.43,False,False,False
2026-09-27,pre_dam,2026-09-26T13:01:27.603212+00:00,False,13,0.766,0.001,0.007,0.009,DART > 0,low,59.2,0.43,False,False,False
2026-09-27,pre_dam,2026-09-26T13:01:27.603212+00:00,False,14,0.721,0.001,0.003,0.01,DART > 0,low,59.2,0.43,False,False,False
2026-09-27,pre_dam,2026-09-26T13:01:27.603212+00:00,False,15,0.674,0.001,0.006,0.004,DART > 0,low,59.2,0.43,False,False,False
2026-09-27,pre_dam,2026-09-26T13:01:27.603212+00:00,False,16,0.695,0.001,0.014,0.002,DART > 0,low,59.2,0.43,False,False,False
2026-09-27,pre_dam,2026-09-26T13:01:27.603212+00:00,False,17,0.661,0.001,0.022,0.001,DART > 0,low,59.2,0.43,False,False,False
2026-09-27,pre_dam,2026-09-26T13:01:27.603212+00:00,False,18,0.745,0.01,0.032,0.001,DART > 0,low,59.2,0.43,False,False,False
2026-09-27,pre_dam,2026-09-26T13:01:27.603212+00:00,False,19,0.75,0.008,0.045,0.001,DART > 0,low,59.2,0.43,False,False,False
2026-09-27,pre_dam,2026-09-26T13:01:27.603212+00:00,False,20,0.73,0.002,0.038,0.001,DART > 0,low,59.2,0.43,False,False,False
2026-09-27,pre_dam,2026-09-26T13:01:27.603212+00:00,False,21,0.669,0.001,0.017,0.001,DART > 0,low,59.2,0.43,False,False,False
2026-09-27,pre_dam,2026-09-26T13:01:27.603212+00:00,False,22,0.702,0.0,0.014,0.001,DART > 0,low,59.2,0.43,False,False,False
2026-09-27,pre_dam,2026-09-26T13:01:27.603212+00:00,False,23,0.701,0.0,0.004,0.002,DART > 0,low,59.2,0.43,False,False,False
2026-09-27,pre_dam,2026-09-26T13:01:27.603212+00:00,False,24,0.806,0.0,0.003,0.003,DART > 0,high,74.6,11.1,False,False,False
2026-09-28,post_dam,2026-09-27T22:24:17.702012+00:00,False,1,0.501,0.0,0.002,0.016,DART > 0,low,57.9,0.13,False,False,False
2026-09-28,post_dam,2026-09-27T22:24:17.702012+00:00,False,2,0.654,0.0,0.002,0.009,DART > 0,low,57.8,0.37,False,False,False
2026-09-28,post_dam,2026-09-27T22:24:17.702012+00:00,False,3,0.692,0.0,0.002,0.014,DART > 0,low,57.8,0.37,False,False,False
2026-09-28,post_dam,2026-09-27T22:24:17.702012+00:00,False,4,0.694,0.0,0.003,0.01,DART > 0,low,57.8,0.37,False,False,False
2026-09-28,post_dam,2026-09-27T22:24:17.702012+00:00,False,5,0.71,0.0,0.003,0.005,DART > 0,low,57.8,0.37,False,False,False
2026-09-28,post_dam,2026-09-27T22:24:17.702012+00:00,False,6,0.605,0.001,0.005,0.002,DART > 0,low,57.9,0.13,False,False,False
2026-09-28,post_dam,2026-09-27T22:24:17.702012+00:00,False,7,0.576,0.007,0.009,0.002,DART > 0,low,57.9,0.13,False,False,False
2026-09-28,post_dam,2026-09-27T22:24:17.702012+00:00,False,8,0.683,0.002,0.011,0.002,DART > 0,low,57.8,0.37,False,False,False
2026-09-28,post_dam,2026-09-27T22:24:17.702012+00:00,False,9,0.551,0.002,0.025,0.001,DART > 0,low,57.9,0.13,False,False,False
2026-09-28,post_dam,2026-09-27T22:24:17.702012+00:00,False,10,0.61,0.002,0.059,0.001,DART > 0,low,57.9,0.13,False,False,False
2026-09-28,post_dam,2026-09-27T22:24:17.702012+00:00,False,11,0.603,0.002,0.073,0.001,DART > 0,low,57.9,0.13,False,False,False
2026-09-28,post_dam,2026-09-27T22:24:17.702012+00:00,False,12,0.609,0.002,0.054,0.001,DART > 0,low,57.9,0.13,False,False,False
2026-09-28,post_dam,2026-09-27T22:24:17.702012+00:00,False,13,0.507,0.002,0.042,0.001,DART > 0,low,57.9,0.13,False,False,False
2026-09-28,post_dam,2026-09-27T22:24:17.702012+00:00,False,14,0.574,0.002,0.04,0.001,DART > 0,low,57.9,0.13,False,False,False
2026-09-28,post_dam,2026-09-27T22:24:17.702012+00:00,False,15,0.576,0.002,0.066,0.0,DART > 0,low,57.9,0.13,False,False,False
2026-09-28,post_dam,2026-09-27T22:24:17.702012+00:00,False,16,0.509,0.002,0.142,0.0,DART > 0,low,57.9,0.13,False,False,False
2026-09-28,post_dam,2026-09-27T22:24:17.702012+00:00,False,17,0.703,0.004,0.083,0.0,DART > 0,low,57.8,0.37,False,False,False
2026-09-28,post_dam,2026-09-27T22:24:17.702012+00:00,False,18,0.735,0.004,0.087,0.0,DART > 0,low,57.8,0.37,False,False,False
2026-09-28,post_dam,2026-09-27T22:24:17.702012+00:00,False,19,0.759,0.012,0.119,0.0,DART > 0,low,57.8,0.37,False,False,False
2026-09-28,post_dam,2026-09-27T22:24:17.702012+00:00,False,20,0.734,0.004,0.117,0.0,DART > 0,low,57.8,0.37,False,False,False
2026-09-28,post_dam,2026-09-27T22:24:17.702012+00:00,False,21,0.657,0.002,0.074,0.001,DART > 0,low,57.8,0.37,False,False,False
2026-09-28,post_dam,2026-09-27T22:24:17.702012+00:00,False,22,0.633,0.0,0.034,0.001,DART > 0,low,57.9,0.13,False,False,False
2026-09-28,post_dam,2026-09-27T22:24:17.702012+00:00,False,23,0.671,0.0,0.013,0.001,DART > 0,low,57.8,0.37,False,False,False
2026-09-28,post_dam,2026-09-27T22:24:17.702012+00:00,False,24,0.704,0.002,0.006,0.002,DART > 0,low,57.8,0.37,False,False,False
2026-09-28,pre_dam,2026-09-27T13:01:47.387411+00:00,False,1,0.69,0.0,0.006,0.01,DART > 0,low,59.5,0.55,False,False,False
2026-09-28,pre_dam,2026-09-27T13:01:47.387411+00:00,False,2,0.659,0.0,0.006,0.011,DART > 0,low,59.5,0.55,False,False,False
2026-09-28,pre_dam,2026-09-27T13:01:47.387411+00:00,False,3,0.682,0.0,0.006,0.011,DART > 0,low,59.5,0.55,False,False,False
2026-09-28,pre_dam,2026-09-27T13:01:47.387411+00:00,False,4,0.671,0.0,0.007,0.013,DART > 0,low,59.5,0.55,False,False,False
2026-09-28,pre_dam,2026-09-27T13:01:47.387411+00:00,False,5,0.593,0.0,0.007,0.009,DART > 0,low,59.7,0.33,False,False,False
2026-09-28,pre_dam,2026-09-27T13:01:47.387411+00:00,False,6,0.511,0.0,0.01,0.002,DART > 0,low,59.7,0.33,False,False,False
2026-09-28,pre_dam,2026-09-27T13:01:47.387411+00:00,False,7,0.463,0.0,0.014,0.002,DART < 0,low,40.6,0.85,False,False,False
2026-09-28,pre_dam,2026-09-27T13:01:47.387411+00:00,False,8,0.596,0.001,0.017,0.002,DART > 0,low,59.7,0.33,False,False,False
2026-09-28,pre_dam,2026-09-27T13:01:47.387411+00:00,False,9,0.632,0.001,0.02,0.001,DART > 0,low,59.7,0.33,False,False,False
2026-09-28,pre_dam,2026-09-27T13:01:47.387411+00:00,False,10,0.641,0.0,0.038,0.001,DART > 0,low,59.7,0.33,False,False,False
2026-09-28,pre_dam,2026-09-27T13:01:47.387411+00:00,False,11,0.648,0.0,0.037,0.001,DART > 0,low,59.7,0.33,False,False,False
2026-09-28,pre_dam,2026-09-27T13:01:47.387411+00:00,False,12,0.631,0.0,0.035,0.001,DART > 0,low,59.7,0.33,False,False,False
2026-09-28,pre_dam,2026-09-27T13:01:47.387411+00:00,False,13,0.647,0.0,0.039,0.001,DART > 0,low,59.7,0.33,False,False,False
2026-09-28,pre_dam,2026-09-27T13:01:47.387411+00:00,False,14,0.629,0.0,0.039,0.0,DART > 0,low,59.7,0.33,False,False,False
2026-09-28,pre_dam,2026-09-27T13:01:47.387411+00:00,False,15,0.672,0.001,0.07,0.0,DART > 0,low,59.5,0.55,False,False,False
2026-09-28,pre_dam,2026-09-27T13:01:47.387411+00:00,False,16,0.657,0.001,0.164,0.0,DART > 0,low,59.5,0.55,False,False,False
2026-09-28,pre_dam,2026-09-27T13:01:47.387411+00:00,False,17,0.662,0.002,0.099,0.0,DART > 0,low,59.5,0.55,False,False,False
2026-09-28,pre_dam,2026-09-27T13:01:47.387411+00:00,False,18,0.724,0.008,0.089,0.0,DART > 0,low,59.5,0.55,False,False,False
2026-09-28,pre_dam,2026-09-27T13:01:47.387411+00:00,False,19,0.735,0.008,0.092,0.0,DART > 0,low,59.5,0.55,False,False,False
2026-09-28,pre_dam,2026-09-27T13:01:47.387411+00:00,False,20,0.729,0.006,0.092,0.0,DART > 0,low,59.5,0.55,False,False,False
2026-09-28,pre_dam,2026-09-27T13:01:47.387411+00:00,False,21,0.665,0.001,0.086,0.0,DART > 0,low,59.5,0.55,False,False,False
2026-09-28,pre_dam,2026-09-27T13:01:47.387411+00:00,False,22,0.61,0.0,0.032,0.0,DART > 0,low,59.7,0.33,False,False,False
2026-09-28,pre_dam,2026-09-27T13:01:47.387411+00:00,False,23,0.634,0.0,0.018,0.001,DART > 0,low,59.7,0.33,False,False,False
2026-09-28,pre_dam,2026-09-27T13:01:47.387411+00:00,False,24,0.664,0.0,0.011,0.002,DART > 0,low,59.5,0.55,False,False,False
2026-09-29,post_dam,2026-09-28T23:52:41.157662+00:00,False,1,0.693,0.0,0.002,0.002,DART > 0,medium,61.5,4.26,False,False,False
2026-09-29,post_dam,2026-09-28T23:52:41.157662+00:00,False,2,0.652,0.0,0.004,0.002,DART > 0,medium,61.5,4.26,False,False,False
2026-09-29,post_dam,2026-09-28T23:52:41.157662+00:00,False,3,0.658,0.0,0.003,0.004,DART > 0,medium,61.5,4.26,False,False,False
2026-09-29,post_dam,2026-09-28T23:52:41.157662+00:00,False,4,0.649,0.0,0.002,0.004,DART < 0,medium,45.6,3.68,False,False,False
2026-09-29,post_dam,2026-09-28T23:52:41.157662+00:00,False,5,0.576,0.001,0.003,0.002,DART < 0,medium,45.6,3.68,False,False,False
2026-09-29,post_dam,2026-09-28T23:52:41.157662+00:00,False,6,0.473,0.002,0.008,0.002,DART > 0,low,62.0,0.64,False,False,False
2026-09-29,post_dam,2026-09-28T23:52:41.157662+00:00,False,7,0.394,0.002,0.085,0.002,DART > 0,low,62.0,0.64,False,False,False
2026-09-29,post_dam,2026-09-28T23:52:41.157662+00:00,False,8,0.479,0.001,0.055,0.002,DART > 0,low,62.0,0.64,False,False,False
2026-09-29,post_dam,2026-09-28T23:52:41.157662+00:00,False,9,0.522,0.001,0.036,0.001,DART < 0,medium,45.6,3.68,False,False,False
2026-09-29,post_dam,2026-09-28T23:52:41.157662+00:00,False,10,0.551,0.001,0.018,0.001,DART < 0,medium,45.6,3.68,False,False,False
2026-09-29,post_dam,2026-09-28T23:52:41.157662+00:00,False,11,0.627,0.001,0.018,0.001,DART < 0,medium,45.6,3.68,False,False,False
2026-09-29,post_dam,2026-09-28T23:52:41.157662+00:00,False,12,0.623,0.001,0.024,0.001,DART < 0,medium,45.6,3.68,False,False,False
2026-09-29,post_dam,2026-09-28T23:52:41.157662+00:00,False,13,0.628,0.001,0.035,0.001,DART < 0,medium,45.6,3.68,False,False,False
2026-09-29,post_dam,2026-09-28T23:52:41.157662+00:00,False,14,0.618,0.001,0.045,0.001,DART < 0,medium,45.6,3.68,False,False,False
2026-09-29,post_dam,2026-09-28T23:52:41.157662+00:00,False,15,0.558,0.001,0.056,0.0,DART < 0,medium,45.6,3.68,False,False,False
2026-09-29,post_dam,2026-09-28T23:52:41.157662+00:00,False,16,0.555,0.002,0.109,0.001,DART < 0,medium,45.6,3.68,False,False,False
2026-09-29,post_dam,2026-09-28T23:52:41.157662+00:00,False,17,0.727,0.053,0.109,0.001,DART > 0,medium,61.5,4.26,True,False,False
2026-09-29,post_dam,2026-09-28T23:52:41.157662+00:00,False,18,0.78,0.299,0.075,0.0,DART > 0,medium,61.5,4.26,True,False,False
2026-09-29,post_dam,2026-09-28T23:52:41.157662+00:00,False,19,0.776,0.271,0.091,0.0,DART > 0,medium,61.5,4.26,True,False,False
2026-09-29,post_dam,2026-09-28T23:52:41.157662+00:00,False,20,0.763,0.081,0.092,0.0,DART > 0,medium,61.5,4.26,True,False,False
2026-09-29,post_dam,2026-09-28T23:52:41.157662+00:00,False,21,0.679,0.007,0.109,0.0,DART > 0,medium,61.5,4.26,False,False,False
2026-09-29,post_dam,2026-09-28T23:52:41.157662+00:00,False,22,0.511,0.001,0.184,0.001,DART < 0,medium,45.6,3.68,False,True,False
2026-09-29,post_dam,2026-09-28T23:52:41.157662+00:00,False,23,0.551,0.001,0.047,0.001,DART < 0,medium,45.6,3.68,False,False,False
2026-09-29,post_dam,2026-09-28T23:52:41.157662+00:00,False,24,0.568,0.001,0.006,0.001,DART < 0,medium,45.6,3.68,False,False,False
2026-09-29,pre_dam,2026-09-28T13:01:50.170397+00:00,False,1,0.719,0.0,0.005,0.002,DART > 0,low,58.2,0.47,False,False,False
2026-09-29,pre_dam,2026-09-28T13:01:50.170397+00:00,False,2,0.685,0.0,0.006,0.002,DART > 0,low,58.2,0.47,False,False,False
2026-09-29,pre_dam,2026-09-28T13:01:50.170397+00:00,False,3,0.647,0.0,0.006,0.005,DART > 0,low,58.7,0.14,False,False,False
2026-09-29,pre_dam,2026-09-28T13:01:50.170397+00:00,False,4,0.686,0.0,0.005,0.004,DART > 0,low,58.2,0.47,False,False,False
2026-09-29,pre_dam,2026-09-28T13:01:50.170397+00:00,False,5,0.605,0.0,0.006,0.002,DART > 0,low,58.7,0.14,False,False,False
2026-09-29,pre_dam,2026-09-28T13:01:50.170397+00:00,False,6,0.52,0.001,0.011,0.001,DART > 0,low,58.7,0.14,False,False,False
2026-09-29,pre_dam,2026-09-28T13:01:50.170397+00:00,False,7,0.518,0.001,0.057,0.001,DART > 0,low,58.7,0.14,False,False,False
2026-09-29,pre_dam,2026-09-28T13:01:50.170397+00:00,False,8,0.638,0.003,0.06,0.001,DART > 0,low,58.7,0.14,False,False,False
2026-09-29,pre_dam,2026-09-28T13:01:50.170397+00:00,False,9,0.701,0.001,0.039,0.0,DART > 0,low,58.2,0.47,False,False,False
2026-09-29,pre_dam,2026-09-28T13:01:50.170397+00:00,False,10,0.713,0.004,0.03,0.0,DART > 0,low,58.2,0.47,False,False,False
2026-09-29,pre_dam,2026-09-28T13:01:50.170397+00:00,False,11,0.797,0.002,0.023,0.0,DART > 0,low,58.2,0.47,False,False,False
2026-09-29,pre_dam,2026-09-28T13:01:50.170397+00:00,False,12,0.802,0.001,0.043,0.0,DART > 0,high,71.7,8.05,False,False,False
2026-09-29,pre_dam,2026-09-28T13:01:50.170397+00:00,False,13,0.781,0.003,0.041,0.0,DART > 0,low,58.2,0.47,False,False,False
2026-09-29,pre_dam,2026-09-28T13:01:50.170397+00:00,False,14,0.774,0.003,0.044,0.0,DART > 0,low,58.2,0.47,False,False,False
2026-09-29,pre_dam,2026-09-28T13:01:50.170397+00:00,False,15,0.738,0.003,0.114,0.0,DART > 0,low,58.2,0.47,False,False,False
2026-09-29,pre_dam,2026-09-28T13:01:50.170397+00:00,False,16,0.692,0.014,0.138,0.0,DART > 0,low,58.2,0.47,False,False,False
2026-09-29,pre_dam,2026-09-28T13:01:50.170397+00:00,False,17,0.798,0.213,0.095,0.0,DART > 0,low,58.2,0.47,True,False,False
2026-09-29,pre_dam,2026-09-28T13:01:50.170397+00:00,False,18,0.806,0.353,0.092,0.0,DART > 0,high,71.7,8.05,True,False,False
2026-09-29,pre_dam,2026-09-28T13:01:50.170397+00:00,False,19,0.796,0.441,0.1,0.0,DART > 0,low,58.2,0.47,True,False,False
2026-09-29,pre_dam,2026-09-28T13:01:50.170397+00:00,False,20,0.784,0.18,0.104,0.0,DART > 0,low,58.2,0.47,True,False,False
2026-09-29,pre_dam,2026-09-28T13:01:50.170397+00:00,False,21,0.651,0.003,0.119,0.0,DART > 0,low,58.2,0.47,False,False,False
2026-09-29,pre_dam,2026-09-28T13:01:50.170397+00:00,False,22,0.559,0.001,0.102,0.0,DART > 0,low,58.7,0.14,False,False,False
2026-09-29,pre_dam,2026-09-28T13:01:50.170397+00:00,False,23,0.526,0.001,0.065,0.001,DART > 0,low,58.7,0.14,False,False,False
2026-09-29,pre_dam,2026-09-28T13:01:50.170397+00:00,False,24,0.601,0.0,0.009,0.001,DART > 0,low,58.7,0.14,False,False,False
2026-09-30,post_dam,2026-09-29T23:04:10.369698+00:00,False,1,0.596,0.0,0.003,0.0,DART < 0,low,43.0,1.84,False,False,False
2026-09-30,post_dam,2026-09-29T23:04:10.369698+00:00,False,2,0.676,0.001,0.004,0.0,DART > 0,low,58.9,1.16,False,False,False
2026-09-30,post_dam,2026-09-29T23:04:10.369698+00:00,False,3,0.664,0.001,0.004,0.001,DART > 0,low,58.9,1.16,False,False,False
2026-09-30,post_dam,2026-09-29T23:04:10.369698+00:00,False,4,0.609,0.001,0.005,0.001,DART < 0,low,43.0,1.84,False,False,False
2026-09-30,post_dam,2026-09-29T23:04:10.369698+00:00,False,5,0.567,0.001,0.004,0.0,DART < 0,low,43.0,1.84,False,False,False
2026-09-30,post_dam,2026-09-29T23:04:10.369698+00:00,False,6,0.561,0.002,0.014,0.0,DART < 0,low,43.0,1.84,False,False,False
2026-09-30,post_dam,2026-09-29T23:04:10.369698+00:00,False,7,0.538,0.002,0.052,0.001,DART < 0,low,43.0,1.84,False,False,False
2026-09-30,post_dam,2026-09-29T23:04:10.369698+00:00,False,8,0.544,0.001,0.032,0.0,DART < 0,low,43.0,1.84,False,False,False
2026-09-30,post_dam,2026-09-29T23:04:10.369698+00:00,False,9,0.527,0.001,0.021,0.0,DART < 0,low,43.0,1.84,False,False,False
2026-09-30,post_dam,2026-09-29T23:04:10.369698+00:00,False,10,0.488,0.001,0.022,0.001,DART > 0,low,70.5,3.55,False,False,False
2026-09-30,post_dam,2026-09-29T23:04:10.369698+00:00,False,11,0.533,0.001,0.023,0.0,DART < 0,low,43.0,1.84,False,False,False
2026-09-30,post_dam,2026-09-29T23:04:10.369698+00:00,False,12,0.506,0.002,0.048,0.0,DART < 0,low,43.0,1.84,False,False,False
2026-09-30,post_dam,2026-09-29T23:04:10.369698+00:00,False,13,0.451,0.002,0.049,0.0,DART > 0,low,70.5,3.55,False,False,False
2026-09-30,post_dam,2026-09-29T23:04:10.369698+00:00,False,14,0.57,0.012,0.033,0.0,DART < 0,low,43.0,1.84,False,False,False
2026-09-30,post_dam,2026-09-29T23:04:10.369698+00:00,False,15,0.628,0.013,0.024,0.0,DART < 0,low,43.0,1.84,False,False,False
2026-09-30,post_dam,2026-09-29T23:04:10.369698+00:00,False,16,0.736,0.196,0.032,0.0,DART > 0,low,58.9,1.16,True,False,False
2026-09-30,post_dam,2026-09-29T23:04:10.369698+00:00,False,17,0.744,0.344,0.114,0.0,DART > 0,low,58.9,1.16,True,False,False
2026-09-30,post_dam,2026-09-29T23:04:10.369698+00:00,False,18,0.795,0.246,0.079,0.0,DART > 0,low,58.9,1.16,True,False,False
2026-09-30,post_dam,2026-09-29T23:04:10.369698+00:00,False,19,0.774,0.339,0.11,0.0,DART > 0,low,58.9,1.16,True,False,False
2026-09-30,post_dam,2026-09-29T23:04:10.369698+00:00,False,20,0.764,0.153,0.096,0.0,DART > 0,low,58.9,1.16,True,False,False
2026-09-30,post_dam,2026-09-29T23:04:10.369698+00:00,False,21,0.615,0.003,0.109,0.0,DART < 0,low,43.0,1.84,False,False,False
2026-09-30,post_dam,2026-09-29T23:04:10.369698+00:00,False,22,0.586,0.001,0.049,0.0,DART < 0,low,43.0,1.84,False,False,False
2026-09-30,post_dam,2026-09-29T23:04:10.369698+00:00,False,23,0.638,0.001,0.029,0.001,DART < 0,low,43.0,1.84,False,False,False
2026-09-30,post_dam,2026-09-29T23:04:10.369698+00:00,False,24,0.677,0.001,0.009,0.001,DART > 0,low,58.9,1.16,False,False,False
2026-09-30,pre_dam,2026-09-29T13:01:37.006001+00:00,False,1,0.731,0.0,0.006,0.001,DART > 0,low,57.5,1.96,False,False,False
2026-09-30,pre_dam,2026-09-29T13:01:37.006001+00:00,False,2,0.673,0.0,0.004,0.001,DART > 0,low,57.5,1.96,False,False,False
2026-09-30,pre_dam,2026-09-29T13:01:37.006001+00:00,False,3,0.633,0.0,0.004,0.001,DART < 0,low,44.1,1.34,False,False,False
2026-09-30,pre_dam,2026-09-29T13:01:37.006001+00:00,False,4,0.643,0.0,0.005,0.001,DART < 0,low,44.1,1.34,False,False,False
2026-09-30,pre_dam,2026-09-29T13:01:37.006001+00:00,False,5,0.684,0.0,0.007,0.001,DART > 0,low,57.5,1.96,False,False,False
2026-09-30,pre_dam,2026-09-29T13:01:37.006001+00:00,False,6,0.605,0.0,0.017,0.0,DART < 0,low,44.1,1.34,False,False,False
2026-09-30,pre_dam,2026-09-29T13:01:37.006001+00:00,False,7,0.613,0.001,0.027,0.001,DART < 0,low,44.1,1.34,False,False,False
2026-09-30,pre_dam,2026-09-29T13:01:37.006001+00:00,False,8,0.638,0.002,0.042,0.0,DART < 0,low,44.1,1.34,False,False,False
2026-09-30,pre_dam,2026-09-29T13:01:37.006001+00:00,False,9,0.622,0.001,0.022,0.0,DART < 0,low,44.1,1.34,False,False,False
2026-09-30,pre_dam,2026-09-29T13:01:37.006001+00:00,False,10,0.597,0.001,0.016,0.0,DART < 0,low,44.1,1.34,False,False,False
2026-09-30,pre_dam,2026-09-29T13:01:37.006001+00:00,False,11,0.616,0.001,0.016,0.0,DART < 0,low,44.1,1.34,False,False,False
2026-09-30,pre_dam,2026-09-29T13:01:37.006001+00:00,False,12,0.569,0.001,0.014,0.0,DART < 0,low,44.1,1.34,False,False,False
2026-09-30,pre_dam,2026-09-29T13:01:37.006001+00:00,False,13,0.578,0.001,0.025,0.0,DART < 0,low,44.1,1.34,False,False,False
2026-09-30,pre_dam,2026-09-29T13:01:37.006001+00:00,False,14,0.581,0.002,0.021,0.0,DART < 0,low,44.1,1.34,False,False,False
2026-09-30,pre_dam,2026-09-29T13:01:37.006001+00:00,False,15,0.591,0.002,0.02,0.0,DART < 0,low,44.1,1.34,False,False,False
2026-09-30,pre_dam,2026-09-29T13:01:37.006001+00:00,False,16,0.674,0.02,0.04,0.0,DART > 0,low,57.5,1.96,False,False,False
2026-09-30,pre_dam,2026-09-29T13:01:37.006001+00:00,False,17,0.767,0.233,0.104,0.0,DART > 0,low,57.5,1.96,True,False,False
2026-09-30,pre_dam,2026-09-29T13:01:37.006001+00:00,False,18,0.783,0.173,0.094,0.0,DART > 0,low,57.5,1.96,True,False,False
2026-09-30,pre_dam,2026-09-29T13:01:37.006001+00:00,False,19,0.816,0.272,0.103,0.0,DART > 0,high,73.9,7.44,True,False,False
2026-09-30,pre_dam,2026-09-29T13:01:37.006001+00:00,False,20,0.782,0.056,0.109,0.0,DART > 0,low,57.5,1.96,True,False,False
2026-09-30,pre_dam,2026-09-29T13:01:37.006001+00:00,False,21,0.68,0.001,0.135,0.0,DART > 0,low,57.5,1.96,False,False,False
2026-09-30,pre_dam,2026-09-29T13:01:37.006001+00:00,False,22,0.654,0.001,0.051,0.0,DART > 0,low,57.5,1.96,False,False,False
2026-09-30,pre_dam,2026-09-29T13:01:37.006001+00:00,False,23,0.672,0.001,0.041,0.001,DART > 0,low,57.5,1.96,False,False,False
2026-09-30,pre_dam,2026-09-29T13:01:37.006001+00:00,False,24,0.739,0.0,0.011,0.002,DART > 0,low,57.5,1.96,False,False,False
2026-10-01,post_dam,2026-09-30T23:06:47.102854+00:00,False,1,0.659,0.0,0.012,0.001,DART > 0,medium,60.0,4.07,False,False,False
2026-10-01,post_dam,2026-09-30T23:06:47.102854+00:00,False,2,0.624,0.0,0.013,0.0,DART < 0,low,45.0,2.61,False,False,False
2026-10-01,post_dam,2026-09-30T23:06:47.102854+00:00,False,3,0.612,0.0,0.008,0.001,DART < 0,low,45.0,2.61,False,False,False
2026-10-01,post_dam,2026-09-30T23:06:47.102854+00:00,False,4,0.608,0.0,0.008,0.001,DART < 0,low,45.0,2.61,False,False,False
2026-10-01,post_dam,2026-09-30T23:06:47.102854+00:00,False,5,0.493,0.0,0.02,0.001,DART > 0,medium,71.9,3.37,False,False,False
2026-10-01,post_dam,2026-09-30T23:06:47.102854+00:00,False,6,0.539,0.001,0.041,0.0,DART < 0,low,45.0,2.61,False,False,False
2026-10-01,post_dam,2026-09-30T23:06:47.102854+00:00,False,7,0.579,0.002,0.137,0.0,DART < 0,low,45.0,2.61,False,False,False
2026-10-01,post_dam,2026-09-30T23:06:47.102854+00:00,False,8,0.607,0.002,0.109,0.0,DART < 0,low,45.0,2.61,False,False,False
2026-10-01,post_dam,2026-09-30T23:06:47.102854+00:00,False,9,0.552,0.001,0.246,0.0,DART < 0,low,45.0,2.61,False,True,False
2026-10-01,post_dam,2026-09-30T23:06:47.102854+00:00,False,10,0.575,0.003,0.268,0.0,DART < 0,low,45.0,2.61,False,True,False
2026-10-01,post_dam,2026-09-30T23:06:47.102854+00:00,False,11,0.528,0.003,0.135,0.0,DART < 0,low,45.0,2.61,False,False,False
2026-10-01,post_dam,2026-09-30T23:06:47.102854+00:00,False,12,0.555,0.004,0.242,0.0,DART < 0,low,45.0,2.61,False,True,False
2026-10-01,post_dam,2026-09-30T23:06:47.102854+00:00,False,13,0.496,0.007,0.2,0.0,DART > 0,medium,71.9,3.37,False,True,False
2026-10-01,post_dam,2026-09-30T23:06:47.102854+00:00,False,14,0.573,0.01,0.202,0.0,DART < 0,low,45.0,2.61,False,True,False
2026-10-01,post_dam,2026-09-30T23:06:47.102854+00:00,False,15,0.563,0.011,0.201,0.0,DART < 0,low,45.0,2.61,False,True,False
2026-10-01,post_dam,2026-09-30T23:06:47.102854+00:00,False,16,0.649,0.21,0.265,0.0,DART < 0,low,45.0,2.61,True,True,False
2026-10-01,post_dam,2026-09-30T23:06:47.102854+00:00,False,17,0.682,0.398,0.326,0.0,DART > 0,medium,60.0,4.07,True,True,False
2026-10-01,post_dam,2026-09-30T23:06:47.102854+00:00,False,18,0.73,0.404,0.173,0.0,DART > 0,medium,60.0,4.07,True,False,False
2026-10-01,post_dam,2026-09-30T23:06:47.102854+00:00,False,19,0.72,0.503,0.156,0.0,DART > 0,medium,60.0,4.07,True,False,False
2026-10-01,post_dam,2026-09-30T23:06:47.102854+00:00,False,20,0.721,0.39,0.128,0.0,DART > 0,medium,60.0,4.07,True,False,False
2026-10-01,post_dam,2026-09-30T23:06:47.102854+00:00,False,21,0.742,0.189,0.136,0.0,DART > 0,medium,60.0,4.07,True,False,False
2026-10-01,post_dam,2026-09-30T23:06:47.102854+00:00,False,22,0.555,0.002,0.173,0.0,DART < 0,low,45.0,2.61,False,False,False
2026-10-01,post_dam,2026-09-30T23:06:47.102854+00:00,False,23,0.566,0.001,0.058,0.0,DART < 0,low,45.0,2.61,False,False,False
2026-10-01,post_dam,2026-09-30T23:06:47.102854+00:00,False,24,0.607,0.001,0.023,0.0,DART < 0,low,45.0,2.61,False,False,False
2026-10-01,pre_dam,2026-09-30T13:01:38.697210+00:00,False,1,0.582,0.0,0.014,0.0,DART < 0,low,46.3,0.28,False,False,False
2026-10-01,pre_dam,2026-09-30T13:01:38.697210+00:00,False,2,0.613,0.0,0.014,0.001,DART < 0,low,46.3,0.28,False,False,False
2026-10-01,pre_dam,2026-09-30T13:01:38.697210+00:00,False,3,0.59,0.0,0.012,0.001,DART < 0,low,46.3,0.28,False,False,False
2026-10-01,pre_dam,2026-09-30T13:01:38.697210+00:00,False,4,0.54,0.0,0.011,0.001,DART < 0,low,46.3,0.28,False,False,False
2026-10-01,pre_dam,2026-09-30T13:01:38.697210+00:00,False,5,0.494,0.0,0.02,0.001,DART < 0,low,34.5,0.39,False,False,False
2026-10-01,pre_dam,2026-09-30T13:01:38.697210+00:00,False,6,0.494,0.001,0.051,0.0,DART < 0,low,34.5,0.39,False,False,False
2026-10-01,pre_dam,2026-09-30T13:01:38.697210+00:00,False,7,0.497,0.001,0.124,0.0,DART < 0,low,34.5,0.39,False,False,False
2026-10-01,pre_dam,2026-09-30T13:01:38.697210+00:00,False,8,0.514,0.002,0.197,0.0,DART < 0,low,46.3,0.28,False,True,False
2026-10-01,pre_dam,2026-09-30T13:01:38.697210+00:00,False,9,0.515,0.002,0.199,0.0,DART < 0,low,46.3,0.28,False,True,False
2026-10-01,pre_dam,2026-09-30T13:01:38.697210+00:00,False,10,0.537,0.002,0.254,0.0,DART < 0,low,46.3,0.28,False,True,False
2026-10-01,pre_dam,2026-09-30T13:01:38.697210+00:00,False,11,0.434,0.002,0.094,0.0,DART < 0,low,34.5,0.39,False,False,False
2026-10-01,pre_dam,2026-09-30T13:01:38.697210+00:00,False,12,0.511,0.003,0.209,0.0,DART < 0,low,46.3,0.28,False,True,False
2026-10-01,pre_dam,2026-09-30T13:01:38.697210+00:00,False,13,0.49,0.002,0.2,0.0,DART < 0,low,34.5,0.39,False,True,False
2026-10-01,pre_dam,2026-09-30T13:01:38.697210+00:00,False,14,0.513,0.003,0.181,0.0,DART < 0,low,46.3,0.28,False,False,False
2026-10-01,pre_dam,2026-09-30T13:01:38.697210+00:00,False,15,0.448,0.003,0.237,0.0,DART < 0,low,34.5,0.39,False,True,False
2026-10-01,pre_dam,2026-09-30T13:01:38.697210+00:00,False,16,0.577,0.013,0.264,0.0,DART < 0,low,46.3,0.28,False,True,False
2026-10-01,pre_dam,2026-09-30T13:01:38.697210+00:00,False,17,0.66,0.158,0.312,0.0,DART > 0,low,59.8,0.81,True,True,False
2026-10-01,pre_dam,2026-09-30T13:01:38.697210+00:00,False,18,0.614,0.032,0.193,0.0,DART < 0,low,46.3,0.28,True,True,False
2026-10-01,pre_dam,2026-09-30T13:01:38.697210+00:00,False,19,0.661,0.087,0.17,0.0,DART > 0,low,59.8,0.81,True,False,False
2026-10-01,pre_dam,2026-09-30T13:01:38.697210+00:00,False,20,0.648,0.025,0.161,0.0,DART < 0,low,46.3,0.28,False,False,False
2026-10-01,pre_dam,2026-09-30T13:01:38.697210+00:00,False,21,0.627,0.006,0.17,0.0,DART < 0,low,46.3,0.28,False,False,False
2026-10-01,pre_dam,2026-09-30T13:01:38.697210+00:00,False,22,0.449,0.001,0.193,0.0,DART < 0,low,34.5,0.39,False,True,False
2026-10-01,pre_dam,2026-09-30T13:01:38.697210+00:00,False,23,0.507,0.001,0.065,0.0,DART < 0,low,46.3,0.28,False,False,False
2026-10-01,pre_dam,2026-09-30T13:01:38.697210+00:00,False,24,0.588,0.001,0.045,0.001,DART < 0,low,46.3,0.28,False,False,False
2026-10-02,post_dam,2026-10-01T23:17:09.303591+00:00,False,1,0.571,0.0,0.021,0.001,DART < 0,low,43.8,1.21,False,False,False
2026-10-02,post_dam,2026-10-01T23:17:09.303591+00:00,False,2,0.576,0.0,0.014,0.001,DART < 0,low,43.8,1.21,False,False,False
2026-10-02,post_dam,2026-10-01T23:17:09.303591+00:00,False,3,0.568,0.0,0.015,0.002,DART < 0,low,43.8,1.21,False,False,False
2026-10-02,post_dam,2026-10-01T23:17:09.303591+00:00,False,4,0.569,0.0,0.017,0.002,DART < 0,low,43.8,1.21,False,False,False
2026-10-02,post_dam,2026-10-01T23:17:09.303591+00:00,False,5,0.469,0.0,0.016,0.001,DART < 0,low,36.7,0.02,False,False,False
2026-10-02,post_dam,2026-10-01T23:17:09.303591+00:00,False,6,0.493,0.001,0.053,0.001,DART < 0,low,36.7,0.02,False,False,False
2026-10-02,post_dam,2026-10-01T23:17:09.303591+00:00,False,7,0.524,0.002,0.107,0.0,DART < 0,low,43.8,1.21,False,False,False
2026-10-02,post_dam,2026-10-01T23:17:09.303591+00:00,False,8,0.481,0.002,0.113,0.0,DART < 0,low,36.7,0.02,False,False,False
2026-10-02,post_dam,2026-10-01T23:17:09.303591+00:00,False,9,0.506,0.002,0.136,0.0,DART < 0,low,43.8,1.21,False,False,False
2026-10-02,post_dam,2026-10-01T23:17:09.303591+00:00,False,10,0.475,0.003,0.106,0.0,DART < 0,low,36.7,0.02,False,False,False
2026-10-02,post_dam,2026-10-01T23:17:09.303591+00:00,False,11,0.555,0.001,0.058,0.001,DART < 0,low,43.8,1.21,False,False,False
2026-10-02,post_dam,2026-10-01T23:17:09.303591+00:00,False,12,0.575,0.001,0.057,0.0,DART < 0,low,43.8,1.21,False,False,False
2026-10-02,post_dam,2026-10-01T23:17:09.303591+00:00,False,13,0.522,0.001,0.041,0.001,DART < 0,low,43.8,1.21,False,False,False
2026-10-02,post_dam,2026-10-01T23:17:09.303591+00:00,False,14,0.581,0.002,0.043,0.001,DART < 0,low,43.8,1.21,False,False,False
2026-10-02,post_dam,2026-10-01T23:17:09.303591+00:00,False,15,0.513,0.0,0.037,0.001,DART < 0,low,43.8,1.21,False,False,False
2026-10-02,post_dam,2026-10-01T23:17:09.303591+00:00,False,16,0.546,0.001,0.042,0.001,DART < 0,low,43.8,1.21,False,False,False
2026-10-02,post_dam,2026-10-01T23:17:09.303591+00:00,False,17,0.588,0.001,0.07,0.001,DART < 0,low,43.8,1.21,False,False,False
2026-10-02,post_dam,2026-10-01T23:17:09.303591+00:00,False,18,0.565,0.003,0.154,0.001,DART < 0,low,43.8,1.21,False,False,False
2026-10-02,post_dam,2026-10-01T23:17:09.303591+00:00,False,19,0.654,0.002,0.169,0.001,DART > 0,medium,61.5,3.98,False,False,False
2026-10-02,post_dam,2026-10-01T23:17:09.303591+00:00,False,20,0.647,0.001,0.093,0.0,DART < 0,low,43.8,1.21,False,False,False
2026-10-02,post_dam,2026-10-01T23:17:09.303591+00:00,False,21,0.58,0.001,0.066,0.001,DART < 0,low,43.8,1.21,False,False,False
2026-10-02,post_dam,2026-10-01T23:17:09.303591+00:00,False,22,0.541,0.001,0.069,0.001,DART < 0,low,43.8,1.21,False,False,False
2026-10-02,post_dam,2026-10-01T23:17:09.303591+00:00,False,23,0.626,0.0,0.029,0.001,DART < 0,low,43.8,1.21,False,False,False
2026-10-02,post_dam,2026-10-01T23:17:09.303591+00:00,False,24,0.696,0.0,0.039,0.001,DART > 0,medium,61.5,3.98,False,False,False
2026-10-02,pre_dam,2026-10-01T13:01:37.940123+00:00,False,1,0.729,0.0,0.024,0.0,DART > 0,low,59.1,2.24,False,False,False
2026-10-02,pre_dam,2026-10-01T13:01:37.940123+00:00,False,2,0.686,0.0,0.021,0.0,DART > 0,low,59.1,2.24,False,False,False
2026-10-02,pre_dam,2026-10-01T13:01:37.940123+00:00,False,3,0.727,0.0,0.015,0.001,DART > 0,low,59.1,2.24,False,False,False
2026-10-02,pre_dam,2026-10-01T13:01:37.940123+00:00,False,4,0.668,0.0,0.02,0.001,DART > 0,low,59.1,2.24,False,False,False
2026-10-02,pre_dam,2026-10-01T13:01:37.940123+00:00,False,5,0.623,0.0,0.015,0.0,DART > 0,low,61.0,0.06,False,False,False
2026-10-02,pre_dam,2026-10-01T13:01:37.940123+00:00,False,6,0.667,0.001,0.07,0.0,DART > 0,low,59.1,2.24,False,False,False
2026-10-02,pre_dam,2026-10-01T13:01:37.940123+00:00,False,7,0.656,0.002,0.12,0.0,DART > 0,low,59.1,2.24,False,False,False
2026-10-02,pre_dam,2026-10-01T13:01:37.940123+00:00,False,8,0.517,0.002,0.142,0.0,DART > 0,low,61.0,0.06,False,False,False
2026-10-02,pre_dam,2026-10-01T13:01:37.940123+00:00,False,9,0.576,0.003,0.139,0.0,DART > 0,low,61.0,0.06,False,False,False
2026-10-02,pre_dam,2026-10-01T13:01:37.940123+00:00,False,10,0.646,0.002,0.115,0.0,DART > 0,low,61.0,0.06,False,False,False
2026-10-02,pre_dam,2026-10-01T13:01:37.940123+00:00,False,11,0.652,0.001,0.071,0.0,DART > 0,low,59.1,2.24,False,False,False
2026-10-02,pre_dam,2026-10-01T13:01:37.940123+00:00,False,12,0.69,0.001,0.068,0.0,DART > 0,low,59.1,2.24,False,False,False
2026-10-02,pre_dam,2026-10-01T13:01:37.940123+00:00,False,13,0.661,0.001,0.039,0.0,DART > 0,low,59.1,2.24,False,False,False
2026-10-02,pre_dam,2026-10-01T13:01:37.940123+00:00,False,14,0.686,0.002,0.038,0.0,DART > 0,low,59.1,2.24,False,False,False
2026-10-02,pre_dam,2026-10-01T13:01:37.940123+00:00,False,15,0.705,0.001,0.037,0.0,DART > 0,low,59.1,2.24,False,False,False
2026-10-02,pre_dam,2026-10-01T13:01:37.940123+00:00,False,16,0.691,0.002,0.106,0.0,DART > 0,low,59.1,2.24,False,False,False
2026-10-02,pre_dam,2026-10-01T13:01:37.940123+00:00,False,17,0.722,0.007,0.148,0.0,DART > 0,low,59.1,2.24,False,False,False
2026-10-02,pre_dam,2026-10-01T13:01:37.940123+00:00,False,18,0.753,0.007,0.155,0.0,DART > 0,low,59.1,2.24,False,False,False
2026-10-02,pre_dam,2026-10-01T13:01:37.940123+00:00,False,19,0.685,0.013,0.215,0.0,DART > 0,low,59.1,2.24,False,True,False
2026-10-02,pre_dam,2026-10-01T13:01:37.940123+00:00,False,20,0.681,0.006,0.195,0.0,DART > 0,low,59.1,2.24,False,True,False
2026-10-02,pre_dam,2026-10-01T13:01:37.940123+00:00,False,21,0.613,0.001,0.159,0.0,DART > 0,low,61.0,0.06,False,False,False
2026-10-02,pre_dam,2026-10-01T13:01:37.940123+00:00,False,22,0.567,0.001,0.08,0.0,DART > 0,low,61.0,0.06,False,False,False
2026-10-02,pre_dam,2026-10-01T13:01:37.940123+00:00,False,23,0.639,0.0,0.036,0.0,DART > 0,low,61.0,0.06,False,False,False
2026-10-02,pre_dam,2026-10-01T13:01:37.940123+00:00,False,24,0.768,0.0,0.041,0.0,DART > 0,low,59.1,2.24,False,False,False
2026-10-03,post_dam,2026-10-02T23:06:40.179874+00:00,False,1,0.61,0.0,0.018,0.001,DART < 0,medium,47.3,2.41,False,False,False
2026-10-03,post_dam,2026-10-02T23:06:40.179874+00:00,False,2,0.616,0.0,0.016,0.001,DART < 0,medium,47.3,2.41,False,False,False
2026-10-03,post_dam,2026-10-02T23:06:40.179874+00:00,False,3,0.576,0.0,0.015,0.001,DART < 0,medium,47.3,2.41,False,False,False
2026-10-03,post_dam,2026-10-02T23:06:40.179874+00:00,False,4,0.568,0.0,0.015,0.001,DART < 0,medium,47.3,2.41,False,False,False
2026-10-03,post_dam,2026-10-02T23:06:40.179874+00:00,False,5,0.564,0.0,0.017,0.001,DART < 0,medium,47.3,2.41,False,False,False
2026-10-03,post_dam,2026-10-02T23:06:40.179874+00:00,False,6,0.594,0.0,0.019,0.001,DART < 0,medium,47.3,2.41,False,False,False
2026-10-03,post_dam,2026-10-02T23:06:40.179874+00:00,False,7,0.564,0.0,0.023,0.001,DART < 0,medium,47.3,2.41,False,False,False
2026-10-03,post_dam,2026-10-02T23:06:40.179874+00:00,False,8,0.505,0.0,0.026,0.001,DART < 0,medium,47.3,2.41,False,False,False
2026-10-03,post_dam,2026-10-02T23:06:40.179874+00:00,False,9,0.539,0.0,0.038,0.001,DART < 0,medium,47.3,2.41,False,False,False
2026-10-03,post_dam,2026-10-02T23:06:40.179874+00:00,False,10,0.496,0.0,0.045,0.001,DART > 0,low,70.2,1.2,False,False,False
2026-10-03,post_dam,2026-10-02T23:06:40.179874+00:00,False,11,0.536,0.0,0.06,0.001,DART < 0,medium,47.3,2.41,False,False,False
2026-10-03,post_dam,2026-10-02T23:06:40.179874+00:00,False,12,0.531,0.0,0.08,0.002,DART < 0,medium,47.3,2.41,False,False,False
2026-10-03,post_dam,2026-10-02T23:06:40.179874+00:00,False,13,0.494,0.0,0.048,0.001,DART > 0,low,70.2,1.2,False,False,False
2026-10-03,post_dam,2026-10-02T23:06:40.179874+00:00,False,14,0.549,0.0,0.04,0.001,DART < 0,medium,47.3,2.41,False,False,False
2026-10-03,post_dam,2026-10-02T23:06:40.179874+00:00,False,15,0.542,0.0,0.045,0.001,DART < 0,medium,47.3,2.41,False,False,False
2026-10-03,post_dam,2026-10-02T23:06:40.179874+00:00,False,16,0.564,0.0,0.046,0.001,DART < 0,medium,47.3,2.41,False,False,False
2026-10-03,post_dam,2026-10-02T23:06:40.179874+00:00,False,17,0.611,0.001,0.095,0.0,DART < 0,medium,47.3,2.41,False,False,False
2026-10-03,post_dam,2026-10-02T23:06:40.179874+00:00,False,18,0.648,0.197,0.2,0.001,DART < 0,medium,47.3,2.41,True,True,False
2026-10-03,post_dam,2026-10-02T23:06:40.179874+00:00,False,19,0.666,0.197,0.172,0.0,DART > 0,low,60.3,2.32,True,False,False
2026-10-03,post_dam,2026-10-02T23:06:40.179874+00:00,False,20,0.675,0.005,0.092,0.0,DART > 0,low,60.3,2.32,False,False,False
2026-10-03,post_dam,2026-10-02T23:06:40.179874+00:00,False,21,0.592,0.0,0.059,0.0,DART < 0,medium,47.3,2.41,False,False,False
2026-10-03,post_dam,2026-10-02T23:06:40.179874+00:00,False,22,0.599,0.0,0.051,0.0,DART < 0,medium,47.3,2.41,False,False,False
2026-10-03,post_dam,2026-10-02T23:06:40.179874+00:00,False,23,0.581,0.0,0.034,0.001,DART < 0,medium,47.3,2.41,False,False,False
2026-10-03,post_dam,2026-10-02T23:06:40.179874+00:00,False,24,0.576,0.0,0.03,0.002,DART < 0,medium,47.3,2.41,False,False,False
2026-10-03,pre_dam,2026-10-02T13:01:53.894357+00:00,False,1,0.554,0.0,0.028,0.001,DART > 0,low,60.2,1.27,False,False,False
2026-10-03,pre_dam,2026-10-02T13:01:53.894357+00:00,False,2,0.589,0.0,0.017,0.001,DART > 0,low,60.2,1.27,False,False,False
2026-10-03,pre_dam,2026-10-02T13:01:53.894357+00:00,False,3,0.511,0.0,0.021,0.001,DART > 0,low,60.2,1.27,False,False,False
2026-10-03,pre_dam,2026-10-02T13:01:53.894357+00:00,False,4,0.537,0.0,0.016,0.002,DART > 0,low,60.2,1.27,False,False,False
2026-10-03,pre_dam,2026-10-02T13:01:53.894357+00:00,False,5,0.537,0.0,0.015,0.001,DART > 0,low,60.2,1.27,False,False,False
2026-10-03,pre_dam,2026-10-02T13:01:53.894357+00:00,False,6,0.542,0.0,0.025,0.002,DART > 0,low,60.2,1.27,False,False,False
2026-10-03,pre_dam,2026-10-02T13:01:53.894357+00:00,False,7,0.6,0.0,0.03,0.002,DART > 0,low,60.2,1.27,False,False,False
2026-10-03,pre_dam,2026-10-02T13:01:53.894357+00:00,False,8,0.574,0.001,0.046,0.001,DART > 0,low,60.2,1.27,False,False,False
2026-10-03,pre_dam,2026-10-02T13:01:53.894357+00:00,False,9,0.523,0.0,0.042,0.001,DART > 0,low,60.2,1.27,False,False,False
2026-10-03,pre_dam,2026-10-02T13:01:53.894357+00:00,False,10,0.506,0.0,0.029,0.001,DART > 0,low,60.2,1.27,False,False,False
2026-10-03,pre_dam,2026-10-02T13:01:53.894357+00:00,False,11,0.505,0.0,0.033,0.001,DART > 0,low,60.2,1.27,False,False,False
2026-10-03,pre_dam,2026-10-02T13:01:53.894357+00:00,False,12,0.513,0.0,0.03,0.001,DART > 0,low,60.2,1.27,False,False,False
2026-10-03,pre_dam,2026-10-02T13:01:53.894357+00:00,False,13,0.549,0.0,0.038,0.002,DART > 0,low,60.2,1.27,False,False,False
2026-10-03,pre_dam,2026-10-02T13:01:53.894357+00:00,False,14,0.491,0.0,0.032,0.001,DART < 0,low,43.3,3.65,False,False,False
2026-10-03,pre_dam,2026-10-02T13:01:53.894357+00:00,False,15,0.489,0.0,0.046,0.001,DART < 0,low,43.3,3.65,False,False,False
2026-10-03,pre_dam,2026-10-02T13:01:53.894357+00:00,False,16,0.462,0.0,0.06,0.001,DART < 0,low,43.3,3.65,False,False,False
2026-10-03,pre_dam,2026-10-02T13:01:53.894357+00:00,False,17,0.545,0.001,0.133,0.001,DART > 0,low,60.2,1.27,False,False,False
2026-10-03,pre_dam,2026-10-02T13:01:53.894357+00:00,False,18,0.568,0.005,0.162,0.001,DART > 0,low,60.2,1.27,False,False,False
2026-10-03,pre_dam,2026-10-02T13:01:53.894357+00:00,False,19,0.607,0.006,0.157,0.001,DART > 0,low,60.2,1.27,False,False,False
2026-10-03,pre_dam,2026-10-02T13:01:53.894357+00:00,False,20,0.573,0.001,0.095,0.001,DART > 0,low,60.2,1.27,False,False,False
2026-10-03,pre_dam,2026-10-02T13:01:53.894357+00:00,False,21,0.55,0.0,0.085,0.001,DART > 0,low,60.2,1.27,False,False,False
2026-10-03,pre_dam,2026-10-02T13:01:53.894357+00:00,False,22,0.48,0.0,0.069,0.001,DART < 0,low,43.3,3.65,False,False,False
2026-10-03,pre_dam,2026-10-02T13:01:53.894357+00:00,False,23,0.508,0.0,0.044,0.001,DART > 0,low,60.2,1.27,False,False,False
2026-10-03,pre_dam,2026-10-02T13:01:53.894357+00:00,False,24,0.591,0.0,0.023,0.004,DART > 0,low,60.2,1.27,False,False,False
2026-10-04,post_dam,2026-10-03T22:15:39.770720+00:00,False,1,0.507,0.0,0.028,0.001,DART < 0,medium,46.8,3.71,False,False,False
2026-10-04,post_dam,2026-10-03T22:15:39.770720+00:00,False,2,0.487,0.0,0.026,0.001,DART > 0,low,69.6,2.56,False,False,False
2026-10-04,post_dam,2026-10-03T22:15:39.770720+00:00,False,3,0.45,0.0,0.031,0.001,DART > 0,low,69.6,2.56,False,False,False
2026-10-04,post_dam,2026-10-03T22:15:39.770720+00:00,False,4,0.444,0.0,0.024,0.001,DART > 0,low,69.6,2.56,False,False,False
2026-10-04,post_dam,2026-10-03T22:15:39.770720+00:00,False,5,0.421,0.0,0.021,0.003,DART > 0,low,69.6,2.56,False,False,False
2026-10-04,post_dam,2026-10-03T22:15:39.770720+00:00,False,6,0.49,0.0,0.027,0.001,DART > 0,low,69.6,2.56,False,False,False
2026-10-04,post_dam,2026-10-03T22:15:39.770720+00:00,False,7,0.504,0.0,0.045,0.0,DART < 0,medium,46.8,3.71,False,False,False
2026-10-04,post_dam,2026-10-03T22:15:39.770720+00:00,False,8,0.539,0.0,0.051,0.0,DART < 0,medium,46.8,3.71,False,False,False
2026-10-04,post_dam,2026-10-03T22:15:39.770720+00:00,False,9,0.563,0.0,0.049,0.002,DART < 0,medium,46.8,3.71,False,False,False
2026-10-04,post_dam,2026-10-03T22:15:39.770720+00:00,False,10,0.551,0.0,0.037,0.001,DART < 0,medium,46.8,3.71,False,False,False
2026-10-04,post_dam,2026-10-03T22:15:39.770720+00:00,False,11,0.543,0.0,0.047,0.001,DART < 0,medium,46.8,3.71,False,False,False
2026-10-04,post_dam,2026-10-03T22:15:39.770720+00:00,False,12,0.515,0.0,0.047,0.004,DART < 0,medium,46.8,3.71,False,False,False
2026-10-04,post_dam,2026-10-03T22:15:39.770720+00:00,False,13,0.47,0.0,0.039,0.002,DART > 0,low,69.6,2.56,False,False,False
2026-10-04,post_dam,2026-10-03T22:15:39.770720+00:00,False,14,0.549,0.0,0.037,0.002,DART < 0,medium,46.8,3.71,False,False,False
2026-10-04,post_dam,2026-10-03T22:15:39.770720+00:00,False,15,0.611,0.0,0.044,0.001,DART < 0,medium,46.8,3.71,False,False,False
2026-10-04,post_dam,2026-10-03T22:15:39.770720+00:00,False,16,0.539,0.0,0.057,0.0,DART < 0,medium,46.8,3.71,False,False,False
2026-10-04,post_dam,2026-10-03T22:15:39.770720+00:00,False,17,0.569,0.002,0.113,0.0,DART < 0,medium,46.8,3.71,False,False,False
2026-10-04,post_dam,2026-10-03T22:15:39.770720+00:00,False,18,0.654,0.01,0.121,0.0,DART > 0,medium,59.5,3.79,False,False,False
2026-10-04,post_dam,2026-10-03T22:15:39.770720+00:00,False,19,0.687,0.015,0.111,0.001,DART > 0,medium,59.5,3.79,False,False,False
2026-10-04,post_dam,2026-10-03T22:15:39.770720+00:00,False,20,0.614,0.002,0.126,0.001,DART < 0,medium,46.8,3.71,False,False,False
2026-10-04,post_dam,2026-10-03T22:15:39.770720+00:00,False,21,0.587,0.001,0.062,0.001,DART < 0,medium,46.8,3.71,False,False,False
2026-10-04,post_dam,2026-10-03T22:15:39.770720+00:00,False,22,0.631,0.0,0.047,0.002,DART < 0,medium,46.8,3.71,False,False,False
2026-10-04,post_dam,2026-10-03T22:15:39.770720+00:00,False,23,0.693,0.0,0.034,0.006,DART > 0,medium,59.5,3.79,False,False,False
2026-10-04,post_dam,2026-10-03T22:15:39.770720+00:00,False,24,0.726,0.0,0.03,0.004,DART > 0,medium,59.5,3.79,False,False,False
2026-10-04,pre_dam,2026-10-03T13:01:33.897497+00:00,False,1,0.539,0.0,0.021,0.003,DART < 0,low,43.2,0.31,False,False,False
2026-10-04,pre_dam,2026-10-03T13:01:33.897497+00:00,False,2,0.494,0.0,0.019,0.002,DART < 0,low,48.0,5.9,False,False,False
2026-10-04,pre_dam,2026-10-03T13:01:33.897497+00:00,False,3,0.463,0.0,0.022,0.002,DART < 0,low,48.0,5.9,False,False,False
2026-10-04,pre_dam,2026-10-03T13:01:33.897497+00:00,False,4,0.429,0.0,0.017,0.003,DART < 0,low,48.0,5.9,False,False,False
2026-10-04,pre_dam,2026-10-03T13:01:33.897497+00:00,False,5,0.382,0.0,0.017,0.003,DART < 0,low,48.0,5.9,False,False,False
2026-10-04,pre_dam,2026-10-03T13:01:33.897497+00:00,False,6,0.359,0.0,0.019,0.001,DART < 0,low,48.0,5.9,False,False,False
2026-10-04,pre_dam,2026-10-03T13:01:33.897497+00:00,False,7,0.387,0.0,0.04,0.001,DART < 0,low,48.0,5.9,False,False,False
2026-10-04,pre_dam,2026-10-03T13:01:33.897497+00:00,False,8,0.506,0.0,0.04,0.001,DART < 0,low,43.2,0.31,False,False,False
2026-10-04,pre_dam,2026-10-03T13:01:33.897497+00:00,False,9,0.542,0.0,0.045,0.0,DART < 0,low,43.2,0.31,False,False,False
2026-10-04,pre_dam,2026-10-03T13:01:33.897497+00:00,False,10,0.52,0.0,0.032,0.001,DART < 0,low,43.2,0.31,False,False,False
2026-10-04,pre_dam,2026-10-03T13:01:33.897497+00:00,False,11,0.493,0.0,0.045,0.001,DART < 0,low,48.0,5.9,False,False,False
2026-10-04,pre_dam,2026-10-03T13:01:33.897497+00:00,False,12,0.505,0.0,0.044,0.001,DART < 0,low,43.2,0.31,False,False,False
2026-10-04,pre_dam,2026-10-03T13:01:33.897497+00:00,False,13,0.554,0.0,0.041,0.001,DART < 0,low,43.2,0.31,False,False,False
2026-10-04,pre_dam,2026-10-03T13:01:33.897497+00:00,False,14,0.581,0.0,0.032,0.001,DART < 0,low,43.2,0.31,False,False,False
2026-10-04,pre_dam,2026-10-03T13:01:33.897497+00:00,False,15,0.561,0.0,0.036,0.001,DART < 0,low,43.2,0.31,False,False,False
2026-10-04,pre_dam,2026-10-03T13:01:33.897497+00:00,False,16,0.492,0.0,0.053,0.001,DART < 0,low,48.0,5.9,False,False,False
2026-10-04,pre_dam,2026-10-03T13:01:33.897497+00:00,False,17,0.542,0.001,0.082,0.001,DART < 0,low,43.2,0.31,False,False,False
2026-10-04,pre_dam,2026-10-03T13:01:33.897497+00:00,False,18,0.551,0.002,0.108,0.001,DART < 0,low,43.2,0.31,False,False,False
2026-10-04,pre_dam,2026-10-03T13:01:33.897497+00:00,False,19,0.622,0.002,0.119,0.001,DART < 0,low,43.2,0.31,False,False,False
2026-10-04,pre_dam,2026-10-03T13:01:33.897497+00:00,False,20,0.599,0.002,0.12,0.001,DART < 0,low,43.2,0.31,False,False,False
2026-10-04,pre_dam,2026-10-03T13:01:33.897497+00:00,False,21,0.527,0.001,0.068,0.001,DART < 0,low,43.2,0.31,False,False,False
2026-10-04,pre_dam,2026-10-03T13:01:33.897497+00:00,False,22,0.602,0.001,0.038,0.002,DART < 0,low,43.2,0.31,False,False,False
2026-10-04,pre_dam,2026-10-03T13:01:33.897497+00:00,False,23,0.637,0.0,0.024,0.006,DART < 0,low,43.2,0.31,False,False,False
2026-10-04,pre_dam,2026-10-03T13:01:33.897497+00:00,False,24,0.619,0.0,0.02,0.008,DART < 0,low,43.2,0.31,False,False,False
2026-10-05,post_dam,2026-10-04T22:24:01.852744+00:00,False,1,0.57,0.0,0.019,0.031,DART < 0,medium,46.3,5.03,False,False,False
2026-10-05,post_dam,2026-10-04T22:24:01.852744+00:00,False,2,0.589,0.0,0.019,0.035,DART < 0,medium,46.3,5.03,False,False,False
2026-10-05,post_dam,2026-10-04T22:24:01.852744+00:00,False,3,0.556,0.0,0.017,0.049,DART < 0,medium,46.3,5.03,False,False,True
2026-10-05,post_dam,2026-10-04T22:24:01.852744+00:00,False,4,0.507,0.0,0.016,0.031,DART < 0,medium,46.3,5.03,False,False,False
2026-10-05,post_dam,2026-10-04T22:24:01.852744+00:00,False,5,0.6,0.0,0.017,0.016,DART < 0,medium,46.3,5.03,False,False,False
2026-10-05,post_dam,2026-10-04T22:24:01.852744+00:00,False,6,0.609,0.0,0.03,0.002,DART < 0,medium,46.3,5.03,False,False,False
2026-10-05,post_dam,2026-10-04T22:24:01.852744+00:00,False,7,0.694,0.001,0.046,0.002,DART > 0,medium,60.4,3.92,False,False,False
2026-10-05,post_dam,2026-10-04T22:24:01.852744+00:00,False,8,0.593,0.001,0.059,0.001,DART < 0,medium,46.3,5.03,False,False,False
2026-10-05,post_dam,2026-10-04T22:24:01.852744+00:00,False,9,0.65,0.0,0.042,0.001,DART > 0,medium,60.4,3.92,False,False,False
2026-10-05,post_dam,2026-10-04T22:24:01.852744+00:00,False,10,0.687,0.0,0.041,0.008,DART > 0,medium,60.4,3.92,False,False,False
2026-10-05,post_dam,2026-10-04T22:24:01.852744+00:00,False,11,0.681,0.0,0.039,0.005,DART > 0,medium,60.4,3.92,False,False,False
2026-10-05,post_dam,2026-10-04T22:24:01.852744+00:00,False,12,0.692,0.0,0.039,0.011,DART > 0,medium,60.4,3.92,False,False,False
2026-10-05,post_dam,2026-10-04T22:24:01.852744+00:00,False,13,0.679,0.0,0.044,0.006,DART > 0,medium,60.4,3.92,False,False,False
2026-10-05,post_dam,2026-10-04T22:24:01.852744+00:00,False,14,0.72,0.0,0.044,0.006,DART > 0,medium,60.4,3.92,False,False,False
2026-10-05,post_dam,2026-10-04T22:24:01.852744+00:00,False,15,0.69,0.0,0.044,0.01,DART > 0,medium,60.4,3.92,False,False,False
2026-10-05,post_dam,2026-10-04T22:24:01.852744+00:00,False,16,0.59,0.0,0.043,0.008,DART < 0,medium,46.3,5.03,False,False,False
2026-10-05,post_dam,2026-10-04T22:24:01.852744+00:00,False,17,0.619,0.001,0.134,0.0,DART < 0,medium,46.3,5.03,False,False,False
2026-10-05,post_dam,2026-10-04T22:24:01.852744+00:00,False,18,0.674,0.031,0.133,0.0,DART > 0,medium,60.4,3.92,True,False,False
2026-10-05,post_dam,2026-10-04T22:24:01.852744+00:00,False,19,0.757,0.342,0.134,0.0,DART > 0,medium,60.4,3.92,True,False,False
2026-10-05,post_dam,2026-10-04T22:24:01.852744+00:00,False,20,0.688,0.012,0.128,0.0,DART > 0,medium,60.4,3.92,False,False,False
2026-10-05,post_dam,2026-10-04T22:24:01.852744+00:00,False,21,0.642,0.005,0.125,0.0,DART < 0,medium,46.3,5.03,False,False,False
2026-10-05,post_dam,2026-10-04T22:24:01.852744+00:00,False,22,0.601,0.001,0.104,0.0,DART < 0,medium,46.3,5.03,False,False,False
2026-10-05,post_dam,2026-10-04T22:24:01.852744+00:00,False,23,0.617,0.0,0.034,0.001,DART < 0,medium,46.3,5.03,False,False,False
2026-10-05,post_dam,2026-10-04T22:24:01.852744+00:00,False,24,0.607,0.0,0.018,0.0,DART < 0,medium,46.3,5.03,False,False,False
2026-10-05,pre_dam,2026-10-04T13:01:34.196848+00:00,False,1,0.567,0.0,0.015,0.044,DART < 0,low,44.4,0.57,False,False,True
2026-10-05,pre_dam,2026-10-04T13:01:34.196848+00:00,False,2,0.679,0.0,0.015,0.044,DART > 0,low,60.2,2.95,False,False,True
2026-10-05,pre_dam,2026-10-04T13:01:34.196848+00:00,False,3,0.679,0.0,0.015,0.039,DART > 0,low,60.2,2.95,False,False,True
2026-10-05,pre_dam,2026-10-04T13:01:34.196848+00:00,False,4,0.611,0.0,0.013,0.042,DART < 0,low,44.4,0.57,False,False,True
2026-10-05,pre_dam,2026-10-04T13:01:34.196848+00:00,False,5,0.679,0.0,0.015,0.015,DART > 0,low,60.2,2.95,False,False,False
2026-10-05,pre_dam,2026-10-04T13:01:34.196848+00:00,False,6,0.593,0.001,0.03,0.005,DART < 0,low,44.4,0.57,False,False,False
2026-10-05,pre_dam,2026-10-04T13:01:34.196848+00:00,False,7,0.728,0.003,0.033,0.002,DART > 0,low,60.2,2.95,False,False,False
2026-10-05,pre_dam,2026-10-04T13:01:34.196848+00:00,False,8,0.712,0.003,0.05,0.002,DART > 0,low,60.2,2.95,False,False,False
2026-10-05,pre_dam,2026-10-04T13:01:34.196848+00:00,False,9,0.68,0.001,0.035,0.002,DART > 0,low,60.2,2.95,False,False,False
2026-10-05,pre_dam,2026-10-04T13:01:34.196848+00:00,False,10,0.749,0.001,0.027,0.003,DART > 0,low,60.2,2.95,False,False,False
2026-10-05,pre_dam,2026-10-04T13:01:34.196848+00:00,False,11,0.742,0.001,0.024,0.003,DART > 0,low,60.2,2.95,False,False,False
2026-10-05,pre_dam,2026-10-04T13:01:34.196848+00:00,False,12,0.715,0.0,0.022,0.003,DART > 0,low,60.2,2.95,False,False,False
2026-10-05,pre_dam,2026-10-04T13:01:34.196848+00:00,False,13,0.688,0.0,0.027,0.004,DART > 0,low,60.2,2.95,False,False,False
2026-10-05,pre_dam,2026-10-04T13:01:34.196848+00:00,False,14,0.713,0.0,0.026,0.003,DART > 0,low,60.2,2.95,False,False,False
2026-10-05,pre_dam,2026-10-04T13:01:34.196848+00:00,False,15,0.744,0.0,0.029,0.003,DART > 0,low,60.2,2.95,False,False,False
2026-10-05,pre_dam,2026-10-04T13:01:34.196848+00:00,False,16,0.637,0.001,0.037,0.002,DART < 0,low,44.4,0.57,False,False,False
2026-10-05,pre_dam,2026-10-04T13:01:34.196848+00:00,False,17,0.624,0.003,0.124,0.001,DART < 0,low,44.4,0.57,False,False,False
2026-10-05,pre_dam,2026-10-04T13:01:34.196848+00:00,False,18,0.651,0.063,0.115,0.0,DART > 0,low,60.2,2.95,True,False,False
2026-10-05,pre_dam,2026-10-04T13:01:34.196848+00:00,False,19,0.752,0.342,0.113,0.0,DART > 0,low,60.2,2.95,True,False,False
2026-10-05,pre_dam,2026-10-04T13:01:34.196848+00:00,False,20,0.695,0.02,0.115,0.0,DART > 0,low,60.2,2.95,False,False,False
2026-10-05,pre_dam,2026-10-04T13:01:34.196848+00:00,False,21,0.586,0.003,0.114,0.001,DART < 0,low,44.4,0.57,False,False,False
2026-10-05,pre_dam,2026-10-04T13:01:34.196848+00:00,False,22,0.593,0.002,0.093,0.001,DART < 0,low,44.4,0.57,False,False,False
2026-10-05,pre_dam,2026-10-04T13:01:34.196848+00:00,False,23,0.556,0.001,0.029,0.002,DART < 0,low,44.4,0.57,False,False,False
2026-10-05,pre_dam,2026-10-04T13:01:34.196848+00:00,False,24,0.578,0.001,0.021,0.001,DART < 0,low,44.4,0.57,False,False,False
2026-10-06,post_dam,2026-10-06T00:54:02.607179+00:00,False,1,0.365,0.0,0.015,0.002,DART < 0,low,39.3,0.93,False,False,False
2026-10-06,post_dam,2026-10-06T00:54:02.607179+00:00,False,2,0.363,0.0,0.015,0.002,DART < 0,low,39.3,0.93,False,False,False
2026-10-06,post_dam,2026-10-06T00:54:02.607179+00:00,False,3,0.328,0.001,0.014,0.005,DART < 0,low,27.3,0.11,False,False,False
2026-10-06,post_dam,2026-10-06T00:54:02.607179+00:00,False,4,0.356,0.0,0.018,0.005,DART < 0,low,39.3,0.93,False,False,False
2026-10-06,post_dam,2026-10-06T00:54:02.607179+00:00,False,5,0.426,0.001,0.021,0.001,DART < 0,low,39.3,0.93,False,False,False
2026-10-06,post_dam,2026-10-06T00:54:02.607179+00:00,False,6,0.445,0.042,0.116,0.001,DART < 0,low,39.3,0.93,True,False,False
2026-10-06,post_dam,2026-10-06T00:54:02.607179+00:00,False,7,0.579,0.523,0.124,0.0,DART > 0,low,57.0,0.1,True,False,False
2026-10-06,post_dam,2026-10-06T00:54:02.607179+00:00,False,8,0.586,0.006,0.127,0.0,DART > 0,low,57.0,0.1,False,False,False
2026-10-06,post_dam,2026-10-06T00:54:02.607179+00:00,False,9,0.558,0.001,0.073,0.0,DART > 0,low,57.0,0.1,False,False,False
2026-10-06,post_dam,2026-10-06T00:54:02.607179+00:00,False,10,0.492,0.0,0.049,0.003,DART < 0,low,39.3,0.93,False,False,False
2026-10-06,post_dam,2026-10-06T00:54:02.607179+00:00,False,11,0.536,0.0,0.04,0.003,DART > 0,low,57.0,0.1,False,False,False
2026-10-06,post_dam,2026-10-06T00:54:02.607179+00:00,False,12,0.574,0.0,0.037,0.003,DART > 0,low,57.0,0.1,False,False,False
2026-10-06,post_dam,2026-10-06T00:54:02.607179+00:00,False,13,0.637,0.0,0.038,0.007,DART > 0,low,57.0,0.1,False,False,False
2026-10-06,post_dam,2026-10-06T00:54:02.607179+00:00,False,14,0.606,0.0,0.037,0.006,DART > 0,low,57.0,0.1,False,False,False
2026-10-06,post_dam,2026-10-06T00:54:02.607179+00:00,False,15,0.568,0.0,0.037,0.006,DART > 0,low,57.0,0.1,False,False,False
2026-10-06,post_dam,2026-10-06T00:54:02.607179+00:00,False,16,0.543,0.0,0.041,0.005,DART > 0,low,57.0,0.1,False,False,False
2026-10-06,post_dam,2026-10-06T00:54:02.607179+00:00,False,17,0.575,0.003,0.119,0.001,DART > 0,low,57.0,0.1,False,False,False
2026-10-06,post_dam,2026-10-06T00:54:02.607179+00:00,False,18,0.737,0.397,0.126,0.001,DART > 0,low,60.5,2.47,True,False,False
2026-10-06,post_dam,2026-10-06T00:54:02.607179+00:00,False,19,0.718,0.409,0.138,0.0,DART > 0,low,60.5,2.47,True,False,False
2026-10-06,post_dam,2026-10-06T00:54:02.607179+00:00,False,20,0.708,0.017,0.133,0.001,DART > 0,low,60.5,2.47,False,False,False
2026-10-06,post_dam,2026-10-06T00:54:02.607179+00:00,False,21,0.65,0.002,0.035,0.001,DART > 0,low,60.5,2.47,False,False,False
2026-10-06,post_dam,2026-10-06T00:54:02.607179+00:00,False,22,0.709,0.0,0.033,0.003,DART > 0,low,60.5,2.47,False,False,False
2026-10-06,post_dam,2026-10-06T00:54:02.607179+00:00,False,23,0.758,0.0,0.018,0.034,DART > 0,low,60.5,2.47,False,False,False
2026-10-06,post_dam,2026-10-06T00:54:02.607179+00:00,False,24,0.781,0.0,0.016,0.013,DART > 0,low,60.5,2.47,False,False,False
2026-10-06,pre_dam,2026-10-05T13:01:29.599933+00:00,False,1,0.421,0.001,0.013,0.0,DART > 0,low,64.7,2.04,False,False,False
2026-10-06,pre_dam,2026-10-05T13:01:29.599933+00:00,False,2,0.426,0.001,0.012,0.0,DART > 0,low,64.7,2.04,False,False,False
2026-10-06,pre_dam,2026-10-05T13:01:29.599933+00:00,False,3,0.435,0.001,0.012,0.0,DART > 0,low,64.7,2.04,False,False,False
2026-10-06,pre_dam,2026-10-05T13:01:29.599933+00:00,False,4,0.471,0.0,0.015,0.0,DART > 0,low,64.7,2.04,False,False,False
2026-10-06,pre_dam,2026-10-05T13:01:29.599933+00:00,False,5,0.446,0.001,0.023,0.0,DART > 0,low,64.7,2.04,False,False,False
2026-10-06,pre_dam,2026-10-05T13:01:29.599933+00:00,False,6,0.435,0.003,0.095,0.0,DART > 0,low,64.7,2.04,False,False,False
2026-10-06,pre_dam,2026-10-05T13:01:29.599933+00:00,False,7,0.529,0.145,0.104,0.0,DART < 0,low,41.9,0.75,True,False,False
2026-10-06,pre_dam,2026-10-05T13:01:29.599933+00:00,False,8,0.657,0.068,0.129,0.0,DART > 0,low,59.5,2.2,True,False,False
2026-10-06,pre_dam,2026-10-05T13:01:29.599933+00:00,False,9,0.589,0.002,0.085,0.0,DART < 0,low,41.9,0.75,False,False,False
2026-10-06,pre_dam,2026-10-05T13:01:29.599933+00:00,False,10,0.497,0.0,0.035,0.0,DART > 0,low,64.7,2.04,False,False,False
2026-10-06,pre_dam,2026-10-05T13:01:29.599933+00:00,False,11,0.518,0.0,0.036,0.0,DART < 0,low,41.9,0.75,False,False,False
2026-10-06,pre_dam,2026-10-05T13:01:29.599933+00:00,False,12,0.525,0.0,0.024,0.0,DART < 0,low,41.9,0.75,False,False,False
2026-10-06,pre_dam,2026-10-05T13:01:29.599933+00:00,False,13,0.543,0.0,0.024,0.001,DART < 0,low,41.9,0.75,False,False,False
2026-10-06,pre_dam,2026-10-05T13:01:29.599933+00:00,False,14,0.577,0.0,0.021,0.001,DART < 0,low,41.9,0.75,False,False,False
2026-10-06,pre_dam,2026-10-05T13:01:29.599933+00:00,False,15,0.516,0.0,0.019,0.001,DART < 0,low,41.9,0.75,False,False,False
2026-10-06,pre_dam,2026-10-05T13:01:29.599933+00:00,False,16,0.522,0.0,0.027,0.0,DART < 0,low,41.9,0.75,False,False,False
2026-10-06,pre_dam,2026-10-05T13:01:29.599933+00:00,False,17,0.567,0.002,0.089,0.001,DART < 0,low,41.9,0.75,False,False,False
2026-10-06,pre_dam,2026-10-05T13:01:29.599933+00:00,False,18,0.707,0.012,0.114,0.0,DART > 0,low,59.5,2.2,False,False,False
2026-10-06,pre_dam,2026-10-05T13:01:29.599933+00:00,False,19,0.693,0.031,0.172,0.0,DART > 0,low,59.5,2.2,True,False,False
2026-10-06,pre_dam,2026-10-05T13:01:29.599933+00:00,False,20,0.735,0.004,0.166,0.001,DART > 0,low,59.5,2.2,False,False,False
2026-10-06,pre_dam,2026-10-05T13:01:29.599933+00:00,False,21,0.732,0.003,0.058,0.001,DART > 0,low,59.5,2.2,False,False,False
2026-10-06,pre_dam,2026-10-05T13:01:29.599933+00:00,False,22,0.742,0.003,0.037,0.001,DART > 0,low,59.5,2.2,False,False,False
2026-10-06,pre_dam,2026-10-05T13:01:29.599933+00:00,False,23,0.807,0.0,0.015,0.004,DART > 0,high,71.7,7.21,False,False,False
2026-10-06,pre_dam,2026-10-05T13:01:29.599933+00:00,False,24,0.762,0.0,0.012,0.007,DART > 0,low,59.5,2.2,False,False,False
