timestamp,temperature_2m_p10,temperature_2m_p50,temperature_2m_p90,temperature_2m_members,relative_humidity_2m_p10,relative_humidity_2m_p50,relative_humidity_2m_p90,relative_humidity_2m_members,precipitation_p10,precipitation_p50,precipitation_p90,precipitation_members,snowfall_p10,snowfall_p50,snowfall_p90,snowfall_members,wind_speed_10m_p10,wind_speed_10m_p50,wind_speed_10m_p90,wind_speed_10m_members,shortwave_radiation_p10,shortwave_radiation_p50,shortwave_radiation_p90,shortwave_radiation_members,temperature_2m_prev1,temperature_2m_prev2,temperature_2m_prev3,relative_humidity_2m_prev1,relative_humidity_2m_prev2,relative_humidity_2m_prev3,precipitation_prev1,precipitation_prev2,precipitation_prev3,snowfall_prev1,snowfall_prev2,snowfall_prev3,wind_speed_10m_prev1,wind_speed_10m_prev2,wind_speed_10m_prev3,shortwave_radiation_prev1,shortwave_radiation_prev2,shortwave_radiation_prev3,wind_speed_100m_port_alma_p10,wind_speed_100m_port_alma_p50,wind_speed_100m_port_alma_p90,wind_speed_100m_port_alma_members,wind_speed_100m_port_alma_prev1,wind_speed_100m_port_alma_prev2,wind_speed_100m_port_alma_prev3
2026-08-21 19:00:00-05:00,19.1,19.5,19.8,51,68.0,71.0,78.0,51,0.0,0.0,0.0,51,0.0,0.0,0.0,51,1.3,1.71,2.4,51,47.0,54.0,59.0,51,19.0,18.0,18.1,74.0,61.0,61.0,0.0,0.0,0.0,0.0,0.0,0.0,2.22,1.68,1.25,0.0,38.0,38.0,4.12,4.72,5.31,51,4.46,5.42,5.53
2026-08-21 20:00:00-05:00,18.3,18.6,19.0,51,72.0,75.0,79.0,51,0.0,0.0,0.0,51,0.0,0.0,0.0,51,1.5,1.9,2.37,51,0.0,0.0,0.0,51,17.7,16.9,17.1,76.0,62.0,63.0,0.0,0.0,0.0,0.0,0.0,0.0,2.43,1.06,0.92,0.0,0.0,0.0,4.46,5.02,5.72,51,4.83,5.2,5.64
2026-08-21 21:00:00-05:00,17.7,18.0,18.3,51,72.0,76.0,80.0,51,0.0,0.0,0.0,51,0.0,0.0,0.0,51,1.65,1.96,2.26,51,0.0,0.0,0.0,51,16.8,16.3,16.5,77.0,63.0,65.0,0.0,0.0,0.0,0.0,0.0,0.0,2.24,1.6,0.36,0.0,0.0,0.0,4.36,5.37,6.45,51,5.26,6.16,6.22
2026-08-21 22:00:00-05:00,16.9,17.2,17.6,51,72.0,77.0,82.0,51,0.0,0.0,0.0,51,0.0,0.0,0.0,51,1.68,1.92,2.34,51,0.0,0.0,0.0,51,16.0,15.3,16.0,75.0,67.0,67.0,0.0,0.0,0.0,0.0,0.0,0.0,2.16,1.91,0.54,0.0,0.0,0.0,4.05,5.48,6.73,51,5.66,6.61,6.43
2026-08-21 23:00:00-05:00,16.0,16.3,16.6,51,74.0,79.0,83.0,51,0.0,0.0,0.0,51,0.0,0.0,0.0,51,1.58,1.79,2.12,51,0.0,0.0,0.0,51,15.3,14.3,15.5,80.0,71.0,70.0,0.0,0.0,0.0,0.0,0.0,0.0,1.24,2.1,1.71,0.0,0.0,0.0,4.07,5.44,6.45,51,6.58,8.08,6.82
2026-08-22 00:00:00-05:00,14.8,15.2,15.5,51,77.0,81.0,85.0,51,0.0,0.0,0.0,51,0.0,0.0,0.0,51,1.41,1.63,1.8,51,0.0,0.0,0.0,51,14.7,13.6,14.9,80.0,74.0,75.0,0.0,0.0,0.0,0.0,0.0,0.0,2.3,1.75,1.3,0.0,0.0,0.0,3.7,6.1,7.0,51,6.23,7.45,7.24
2026-08-22 01:00:00-05:00,14.0,14.5,14.7,51,79.0,83.0,88.0,51,0.0,0.0,0.0,51,0.0,0.0,0.0,51,1.4,1.51,1.8,51,0.0,0.0,0.0,51,13.0,12.8,14.2,87.0,78.0,79.0,0.0,0.0,0.0,0.0,0.0,0.0,1.91,2.02,1.75,0.0,0.0,0.0,4.3,6.71,8.24,51,2.19,6.46,5.99
2026-08-22 02:00:00-05:00,13.5,14.0,14.2,51,80.0,83.0,89.0,51,0.0,0.0,0.0,51,0.0,0.0,0.0,51,1.53,1.75,2.04,51,0.0,0.0,0.0,51,12.4,12.3,13.6,89.0,81.0,83.0,0.0,0.0,0.0,0.0,0.0,0.0,1.77,2.25,1.62,0.0,0.0,0.0,4.51,6.46,7.88,51,2.64,5.57,5.02
2026-08-22 03:00:00-05:00,13.4,13.7,13.9,51,81.0,84.0,89.0,51,0.0,0.0,0.0,51,0.0,0.0,0.0,51,1.77,2.15,2.47,51,0.0,0.0,0.0,51,11.9,11.9,13.2,89.0,83.0,87.0,0.0,0.0,0.0,0.0,0.0,0.0,1.7,2.16,1.77,0.0,0.0,0.0,4.66,5.92,7.13,51,3.75,4.61,3.74
2026-08-22 04:00:00-05:00,13.4,13.7,13.9,51,82.0,85.0,89.0,51,0.0,0.0,0.0,51,0.0,0.0,0.0,51,1.9,2.4,2.78,51,0.0,0.0,0.0,51,11.6,11.5,13.0,89.0,85.0,89.0,0.0,0.0,0.0,0.0,0.0,0.0,1.48,2.02,2.08,0.0,0.0,0.0,4.42,5.67,6.59,51,5.91,2.64,2.48
2026-08-22 05:00:00-05:00,13.4,13.8,14.0,51,83.0,85.0,90.0,51,0.0,0.0,0.0,51,0.0,0.0,0.0,51,1.96,2.45,2.82,51,0.0,0.0,0.0,51,11.2,11.2,12.8,88.0,86.0,91.0,0.0,0.0,0.0,0.0,0.0,0.0,1.91,2.51,2.15,0.0,0.0,0.0,3.55,4.87,5.83,51,7.14,2.41,1.34
2026-08-22 06:00:00-05:00,13.7,14.1,14.3,51,84.0,86.0,90.0,51,0.0,0.0,0.0,51,0.0,0.0,0.0,51,2.02,2.4,2.7,51,29.0,30.0,32.0,51,11.5,11.7,13.4,90.0,84.0,88.0,0.0,0.0,0.0,0.0,0.0,0.0,1.12,2.64,2.06,25.0,21.0,20.0,2.47,4.02,5.26,51,8.32,2.22,0.9
2026-08-22 07:00:00-05:00,14.4,14.9,15.1,51,82.0,84.0,88.0,51,0.0,0.0,0.0,51,0.0,0.0,0.0,51,2.1,2.4,2.7,51,154.0,161.0,165.0,51,14.5,13.8,15.8,80.0,76.0,76.0,0.0,0.0,0.0,0.0,0.0,0.0,2.24,2.94,3.16,171.0,120.0,154.0,1.84,3.7,5.57,51,5.72,2.38,2.86
2026-08-22 08:00:00-05:00,16.0,16.4,16.6,51,77.0,79.0,82.0,51,0.0,0.0,0.0,51,0.0,0.0,0.0,51,2.24,2.51,2.72,51,310.0,326.0,331.0,51,16.3,16.4,18.1,76.0,67.0,67.0,0.0,0.0,0.0,0.0,0.0,0.0,2.52,3.31,3.44,348.0,330.0,330.0,2.2,3.91,5.54,51,7.04,3.1,3.02
2026-08-22 09:00:00-05:00,18.1,18.4,18.6,51,71.0,72.0,74.0,51,0.0,0.0,0.0,51,0.0,0.0,0.0,51,2.26,2.57,3.01,51,470.0,495.0,503.0,51,18.5,18.7,20.3,67.0,62.0,61.0,0.0,0.0,0.0,0.0,0.0,0.0,3.0,3.1,3.7,500.0,503.0,501.0,2.2,4.51,6.18,51,4.21,2.45,2.76
2026-08-22 10:00:00-05:00,19.9,20.2,20.5,51,64.0,66.0,68.0,51,0.0,0.0,0.0,51,0.0,0.0,0.0,51,2.18,2.66,3.14,51,585.0,621.0,646.0,51,20.1,20.9,22.2,67.0,58.0,56.0,0.0,0.0,0.0,0.0,0.0,0.0,2.82,2.4,3.5,653.0,646.0,646.0,2.42,4.75,6.89,51,4.07,2.97,3.04
2026-08-22 11:00:00-05:00,21.5,21.8,22.1,51,60.0,62.0,64.0,51,0.0,0.0,0.0,51,0.0,0.0,0.0,51,2.33,2.69,3.16,51,657.0,713.0,750.0,51,21.6,22.0,23.8,60.0,58.0,52.0,0.0,0.0,0.0,0.0,0.0,0.0,3.06,3.0,3.54,745.0,648.0,752.0,3.22,5.0,6.95,51,4.98,4.26,3.4
2026-08-22 12:00:00-05:00,22.9,23.3,23.5,51,57.0,59.0,61.0,51,0.0,0.0,0.0,51,0.0,0.0,0.0,51,2.55,2.95,3.47,51,679.0,754.0,789.0,51,22.6,22.9,24.9,59.0,58.0,52.0,0.0,0.0,0.0,0.0,0.0,0.0,3.45,3.47,3.58,792.0,666.0,808.0,3.62,5.1,6.73,51,5.95,6.02,3.18
2026-08-22 13:00:00-05:00,23.7,24.3,24.6,51,55.0,57.0,60.0,51,0.0,0.0,0.0,51,0.0,0.0,0.0,51,2.73,3.26,4.03,51,658.0,722.0,763.0,51,23.7,24.3,25.5,59.0,53.0,49.0,0.0,0.0,0.0,0.0,0.0,0.0,4.08,3.48,3.47,821.0,818.0,755.0,3.91,5.57,6.6,51,6.68,5.3,3.0
2026-08-22 14:00:00-05:00,24.3,24.7,25.1,51,54.0,56.0,59.0,51,0.0,0.1,0.1,51,0.0,0.0,0.0,51,2.87,3.31,4.02,51,561.0,636.0,695.0,51,24.4,24.9,26.2,56.0,53.0,47.0,0.0,0.0,0.0,0.0,0.0,0.0,4.37,3.38,3.26,766.0,767.0,699.0,4.48,5.85,7.07,51,6.52,6.62,3.66
2026-08-22 15:00:00-05:00,24.2,24.7,25.2,51,53.0,55.0,59.0,51,0.0,0.1,0.1,51,0.0,0.0,0.0,51,2.62,3.34,3.81,51,448.0,528.0,586.0,51,25.3,25.5,26.3,53.0,52.0,48.0,0.0,0.0,0.0,0.0,0.0,0.0,4.31,3.18,4.16,655.0,659.0,539.0,4.98,6.41,8.16,51,6.58,6.06,5.95
2026-08-22 16:00:00-05:00,23.7,24.2,24.8,51,55.0,58.0,61.0,51,0.0,0.1,0.1,51,0.0,0.0,0.0,51,2.39,3.11,3.62,51,346.0,415.0,452.0,51,25.4,25.3,23.3,54.0,56.0,66.0,0.0,0.0,0.3,0.0,0.0,0.0,4.15,3.6,3.2,507.0,526.0,214.0,4.96,6.43,8.65,51,6.11,6.21,7.38
2026-08-22 17:00:00-05:00,22.5,23.0,23.5,51,63.0,66.0,69.0,51,0.0,0.0,0.1,51,0.0,0.0,0.0,51,2.02,2.6,2.97,51,229.0,282.0,314.0,51,24.7,23.8,23.9,57.0,65.0,60.0,0.0,0.0,0.1,0.0,0.0,0.0,4.02,4.41,1.79,331.0,358.0,282.0,3.08,4.66,6.85,51,4.58,10.02,8.49
2026-08-22 18:00:00-05:00,21.0,21.4,21.7,51,74.0,77.0,80.0,51,0.0,0.0,0.1,51,0.0,0.0,0.0,51,1.79,2.24,2.75,51,125.0,156.0,176.0,51,22.7,22.3,21.1,66.0,72.0,67.0,0.0,0.0,0.0,0.0,0.0,0.0,3.01,3.95,1.7,58.0,155.0,26.0,1.71,3.97,5.32,51,12.33,5.8,7.64
2026-08-22 19:00:00-05:00,19.8,20.1,20.4,51,81.0,85.0,88.0,51,0.0,0.0,0.1,51,0.0,0.0,0.0,51,1.99,2.45,3.1,51,35.0,44.0,50.0,51,20.4,19.4,19.4,74.0,91.0,87.0,0.0,0.0,0.3,0.0,0.0,0.0,2.52,2.82,1.8,0.0,30.0,6.0,3.11,4.58,6.39,51,9.26,3.68,8.61
2026-08-22 20:00:00-05:00,19.2,19.6,19.9,51,83.0,86.0,89.0,51,0.0,0.0,0.1,51,0.0,0.0,0.0,51,2.32,2.63,3.31,51,0.0,0.0,0.0,51,19.4,18.6,18.5,76.0,91.0,93.0,0.0,0.0,0.3,0.0,0.0,0.0,2.52,2.61,1.77,0.0,0.0,0.0,4.18,5.61,6.95,51,9.0,6.65,4.85
2026-08-22 21:00:00-05:00,19.1,19.5,19.9,51,81.0,85.0,87.0,51,0.0,0.0,0.1,51,0.0,0.0,0.0,51,2.57,3.01,3.51,51,0.0,0.0,0.0,51,20.0,18.7,17.5,71.0,88.0,91.0,0.0,0.0,0.1,0.0,0.0,0.0,5.22,2.92,2.48,0.0,0.0,0.0,5.1,6.58,7.93,51,9.63,8.03,7.75
2026-08-22 22:00:00-05:00,18.7,19.2,19.8,51,80.0,84.0,88.0,51,0.0,0.0,0.1,51,0.0,0.0,0.0,51,2.6,3.14,3.7,51,0.0,0.0,0.0,51,19.5,17.8,16.3,74.0,98.0,93.0,0.0,1.2,0.2,0.0,0.0,0.0,3.61,4.6,2.41,0.0,0.0,0.0,5.99,7.43,8.78,51,8.84,7.54,8.71
2026-08-22 23:00:00-05:00,18.3,18.7,19.2,51,82.0,85.0,90.0,51,0.1,0.4,1.8,51,0.0,0.0,0.0,51,2.6,3.11,3.59,51,0.0,0.0,0.0,51,18.5,18.0,16.2,78.0,98.0,93.0,0.0,1.0,0.0,0.0,0.0,0.0,3.55,2.8,2.46,0.0,0.0,0.0,6.41,7.61,8.67,51,8.77,7.83,8.2
2026-08-23 00:00:00-05:00,17.5,18.0,18.6,51,84.0,88.0,94.0,51,0.1,0.4,1.8,51,0.0,0.0,0.0,51,2.25,2.8,3.81,51,0.0,0.0,0.0,51,18.1,18.0,15.8,80.0,98.0,91.0,0.0,1.2,0.0,0.0,0.0,0.0,3.68,3.78,2.11,0.0,0.0,0.0,6.28,7.29,8.37,51,8.46,6.0,8.28
2026-08-23 01:00:00-05:00,17.0,17.6,18.3,51,86.0,91.0,97.0,51,0.1,0.4,1.8,51,0.0,0.0,0.0,51,1.99,2.72,3.93,51,0.0,0.0,0.0,51,17.7,17.6,17.1,84.0,98.0,89.0,0.0,1.7,0.0,0.0,0.0,0.0,0.92,3.12,1.88,0.0,0.0,0.0,6.49,7.14,8.36,51,8.57,9.76,8.99
2026-08-23 02:00:00-05:00,16.9,17.4,18.0,51,88.0,93.0,98.0,51,0.1,0.4,2.0,51,0.0,0.0,0.0,51,2.28,2.89,3.81,51,0.0,0.0,0.0,51,18.2,17.7,16.6,80.0,98.0,90.0,2.5,3.2,0.2,0.0,0.0,0.0,5.52,3.48,1.97,0.0,0.0,0.0,6.92,7.67,8.6,51,9.46,9.3,10.02
2026-08-23 03:00:00-05:00,16.9,17.4,17.9,51,91.0,95.0,98.0,51,0.1,0.4,2.0,51,0.0,0.0,0.0,51,2.72,3.3,3.89,51,0.0,0.0,0.0,51,18.9,17.7,16.0,83.0,98.0,96.0,0.0,1.1,0.6,0.0,0.0,0.0,5.12,4.0,2.28,0.0,0.0,0.0,7.6,8.4,9.58,51,9.15,9.16,9.94
2026-08-23 04:00:00-05:00,17.0,17.4,18.0,51,93.0,96.0,98.0,51,0.1,0.4,2.0,51,0.0,0.0,0.0,51,2.75,3.45,4.44,51,0.0,0.0,0.0,51,18.1,17.4,15.8,85.0,98.0,96.0,0.0,0.6,0.6,0.0,0.0,0.0,3.54,3.98,2.51,0.0,0.0,0.0,8.08,8.95,10.28,51,9.14,8.85,9.49
2026-08-23 05:00:00-05:00,17.1,17.4,17.8,51,94.0,97.0,99.0,51,1.8,3.2,4.7,51,0.0,0.0,0.0,51,3.0,3.58,4.37,51,0.0,0.0,0.0,51,17.9,17.2,15.7,86.0,99.0,97.0,0.0,1.4,0.4,0.0,0.0,0.0,4.61,3.81,2.79,0.0,0.0,0.0,8.38,9.14,10.29,51,9.03,8.96,9.08
2026-08-23 06:00:00-05:00,17.2,17.4,17.8,51,96.0,97.0,98.0,51,1.8,3.2,4.7,51,0.0,0.0,0.0,51,3.1,3.62,4.38,51,1.0,2.0,5.0,51,17.4,17.1,15.8,90.0,99.0,97.0,1.1,0.9,0.5,0.0,0.0,0.0,4.35,3.98,2.69,2.0,0.0,2.0,8.62,9.16,10.37,51,9.18,8.85,9.29
2026-08-23 07:00:00-05:00,17.3,17.5,17.9,51,97.0,97.0,98.0,51,1.8,3.2,4.7,51,0.0,0.0,0.0,51,2.79,3.45,4.5,51,8.0,16.0,24.0,51,18.1,16.9,15.5,90.0,98.0,96.0,1.1,0.7,0.7,0.0,0.0,0.0,4.27,4.44,2.72,6.0,5.0,15.0,8.56,9.21,10.52,51,9.4,9.39,9.55
2026-08-23 08:00:00-05:00,17.5,17.8,18.0,51,97.0,98.0,99.0,51,1.1,1.7,2.6,51,0.0,0.0,0.0,51,2.92,3.56,4.4,51,12.0,36.0,61.0,51,18.1,16.7,15.8,89.0,98.0,97.0,0.0,6.7,0.2,0.0,0.0,0.0,3.57,4.79,3.32,13.0,7.0,33.0,8.63,9.35,10.32,51,9.69,10.2,9.58
2026-08-23 09:00:00-05:00,17.6,18.0,18.4,51,97.0,98.0,99.0,51,1.1,1.7,2.6,51,0.0,0.0,0.0,51,3.19,3.75,4.56,51,41.0,70.0,123.0,51,19.9,16.7,16.4,88.0,99.0,97.0,0.4,3.7,0.6,0.0,0.0,0.0,4.55,4.43,2.79,339.0,21.0,52.0,8.6,9.23,10.26,51,10.23,11.18,10.03
2026-08-23 10:00:00-05:00,17.9,18.3,18.9,51,96.0,97.0,98.0,51,1.1,1.7,2.6,51,0.0,0.0,0.0,51,3.18,3.94,4.74,51,115.0,163.0,241.0,51,20.3,17.0,17.0,84.0,99.0,98.0,0.0,3.9,0.5,0.0,0.0,0.0,5.03,4.67,2.69,293.0,21.0,39.0,8.49,9.22,10.21,51,10.26,11.37,10.09
2026-08-23 11:00:00-05:00,18.3,18.8,19.4,51,93.0,95.0,97.0,51,0.2,0.8,1.7,51,0.0,0.0,0.0,51,3.05,3.72,4.46,51,218.0,308.0,398.0,51,21.8,17.4,17.8,81.0,99.0,97.0,0.0,1.6,0.0,0.0,0.0,0.0,5.33,3.92,2.56,645.0,25.0,52.0,8.45,9.21,9.93,51,10.81,11.37,10.18
2026-08-23 12:00:00-05:00,18.6,19.4,20.5,51,89.0,93.0,95.0,51,0.2,0.8,1.7,51,0.0,0.0,0.0,51,2.6,3.36,4.03,51,324.0,421.0,546.0,51,22.6,18.6,19.4,79.0,96.0,92.0,6.1,0.6,0.0,0.0,0.0,0.0,4.6,3.9,3.05,669.0,36.0,237.0,8.2,8.92,9.71,51,11.18,10.74,9.67
2026-08-23 13:00:00-05:00,19.1,19.7,21.2,51,86.0,90.0,93.0,51,0.2,0.8,1.7,51,0.0,0.0,0.0,51,2.15,3.16,4.07,51,412.0,493.0,605.0,51,20.3,19.6,18.7,81.0,94.0,96.0,0.0,1.4,0.6,0.0,0.0,0.0,4.12,4.65,3.35,166.0,283.0,86.0,7.96,8.77,9.58,51,9.68,9.3,8.72
2026-08-23 14:00:00-05:00,19.2,20.1,21.2,51,84.0,87.0,92.0,51,0.3,0.9,1.7,51,0.0,0.0,0.0,51,2.11,3.21,4.2,51,459.0,520.0,594.0,51,20.4,20.2,20.2,83.0,93.0,93.0,0.0,2.4,2.0,0.0,0.0,0.0,4.44,4.51,4.87,284.0,457.0,475.0,7.83,8.58,9.15,51,8.54,8.96,7.71
2026-08-23 15:00:00-05:00,18.9,20.4,21.4,51,78.0,85.0,92.0,51,0.3,0.9,1.7,51,0.0,0.0,0.0,51,2.24,3.6,4.7,51,424.0,488.0,555.0,51,22.6,20.7,20.6,76.0,90.0,92.0,0.0,1.2,1.6,0.0,0.0,0.0,4.74,3.47,4.18,665.0,400.0,411.0,7.31,8.38,9.24,51,5.75,9.55,6.33
2026-08-23 16:00:00-05:00,18.4,20.4,21.8,51,74.0,85.0,92.0,51,0.3,0.9,1.7,51,0.0,0.0,0.0,51,2.4,3.69,5.02,51,348.0,389.0,440.0,51,22.3,21.0,20.6,70.0,89.0,91.0,0.0,1.2,0.9,0.0,0.0,0.0,4.68,3.55,4.7,441.0,516.0,509.0,6.84,7.88,8.8,51,3.31,10.26,4.96
2026-08-23 17:00:00-05:00,18.3,19.6,20.8,51,77.0,85.0,90.0,51,0.1,0.2,1.0,51,0.0,0.0,0.0,51,2.12,3.31,4.3,51,233.0,271.0,306.0,51,21.6,20.4,19.7,70.0,88.0,91.0,0.0,0.6,1.1,0.0,0.0,0.0,4.03,3.52,4.22,348.0,352.0,349.0,5.46,7.08,8.1,51,3.1,8.51,5.33
2026-08-23 18:00:00-05:00,17.9,18.5,19.5,51,80.0,85.0,88.0,51,0.1,0.2,1.0,51,0.0,0.0,0.0,51,1.5,2.62,3.69,51,126.0,150.0,174.0,51,20.1,18.9,18.6,74.0,90.0,94.0,0.0,0.8,0.5,0.0,0.0,0.0,4.34,3.86,3.67,109.0,178.0,177.0,4.43,6.13,7.79,51,8.11,7.29,4.88
2026-08-23 19:00:00-05:00,17.1,17.8,18.5,51,82.0,85.0,91.0,51,0.1,0.2,1.0,51,0.0,0.0,0.0,51,1.28,2.32,3.51,51,34.0,41.0,48.0,51,18.5,17.5,17.1,80.0,93.0,95.0,0.0,0.9,0.3,0.0,0.0,0.0,2.8,3.64,3.01,0.0,31.0,32.0,3.77,5.81,7.86,51,8.82,9.06,1.0
2026-08-23 20:00:00-05:00,16.6,17.3,17.8,51,85.0,88.0,93.0,51,0.0,0.2,0.4,51,0.0,0.0,0.0,51,1.5,2.56,3.66,51,0.0,0.0,0.0,51,18.0,16.8,16.6,87.0,95.0,95.0,0.0,0.0,0.3,0.0,0.0,0.0,2.48,3.47,3.26,0.0,0.0,0.0,4.3,6.17,8.37,51,7.95,9.85,4.48
2026-08-23 21:00:00-05:00,16.3,16.7,17.2,51,89.0,92.0,94.0,51,0.0,0.2,0.4,51,0.0,0.0,0.0,51,2.62,3.16,3.75,51,0.0,0.0,0.0,51,17.4,16.3,15.9,89.0,95.0,95.0,0.0,0.1,0.0,0.0,0.0,0.0,3.11,3.96,3.61,0.0,0.0,0.0,5.65,6.85,8.72,51,7.29,9.88,8.6
2026-08-23 22:00:00-05:00,16.0,16.4,16.7,51,92.0,95.0,97.0,51,0.0,0.2,0.4,51,0.0,0.0,0.0,51,3.11,3.64,4.24,51,0.0,0.0,0.0,51,16.5,15.2,15.1,92.0,98.0,96.0,0.0,1.1,0.0,0.0,0.0,0.0,1.97,3.76,3.76,0.0,0.0,0.0,6.68,7.76,9.17,51,6.22,9.78,7.65
2026-08-23 23:00:00-05:00,15.7,16.0,16.3,51,93.0,96.0,98.0,51,0.0,0.0,0.2,51,0.0,0.0,0.0,51,3.05,3.55,4.16,51,0.0,0.0,0.0,51,16.2,15.6,14.4,90.0,97.0,98.0,0.0,0.5,0.0,0.0,0.0,0.0,2.06,3.3,3.08,0.0,0.0,0.0,6.84,7.96,8.99,51,5.87,9.84,5.93
2026-08-24 00:00:00-05:00,15.5,15.8,16.1,51,94.0,96.0,98.0,51,0.0,0.0,0.2,51,0.0,0.0,0.0,51,2.76,3.14,3.86,51,0.0,0.0,0.0,51,15.6,15.3,14.1,88.0,98.0,97.0,0.0,0.0,0.0,0.0,0.0,0.0,2.82,2.75,3.18,0.0,0.0,0.0,6.56,7.59,8.38,51,6.4,9.19,4.34
2026-08-24 01:00:00-05:00,15.2,15.6,16.0,51,95.0,96.0,98.0,51,0.0,0.0,0.2,51,0.0,0.0,0.0,51,2.44,2.83,3.67,51,0.0,0.0,0.0,51,15.6,14.9,13.6,91.0,97.0,96.0,0.0,0.0,0.0,0.0,0.0,0.0,2.02,2.75,2.71,0.0,0.0,0.0,6.46,7.44,8.13,51,8.18,8.17,8.54
2026-08-24 02:00:00-05:00,15.0,15.4,15.7,51,96.0,97.0,98.0,51,0.0,0.1,0.4,51,0.0,0.0,0.0,51,2.43,2.82,3.49,51,0.0,0.0,0.0,51,15.2,14.6,13.2,92.0,97.0,97.0,0.0,0.0,0.0,0.0,0.0,0.0,2.22,2.25,1.39,0.0,0.0,0.0,6.82,7.52,8.23,51,7.93,8.44,8.16
2026-08-24 03:00:00-05:00,14.8,15.2,15.4,51,97.0,98.0,98.0,51,0.0,0.1,0.4,51,0.0,0.0,0.0,51,2.46,2.91,3.49,51,0.0,0.0,0.0,51,14.9,14.2,12.9,93.0,97.0,97.0,0.0,0.0,0.0,0.0,0.0,0.0,2.21,1.8,1.8,0.0,0.0,0.0,6.96,7.89,8.95,51,6.55,8.57,7.78
2026-08-24 04:00:00-05:00,14.7,15.0,15.2,51,97.0,98.0,99.0,51,0.0,0.1,0.4,51,0.0,0.0,0.0,51,2.39,2.91,3.68,51,0.0,0.0,0.0,51,14.7,14.6,13.8,93.0,97.0,94.0,0.0,0.1,0.0,0.0,0.0,0.0,2.14,1.43,1.71,0.0,0.0,0.0,7.3,8.27,9.8,51,7.21,7.93,7.78
2026-08-24 05:00:00-05:00,14.7,15.0,15.2,51,97.0,98.0,99.0,51,0.0,0.0,0.1,51,0.0,0.0,0.0,51,2.14,2.62,3.24,51,0.0,0.0,0.0,51,14.0,14.7,13.9,94.0,97.0,92.0,0.0,0.1,0.0,0.0,0.0,0.0,1.5,1.72,1.81,0.0,0.0,0.0,7.72,8.81,9.82,51,8.32,7.57,7.78
2026-08-24 06:00:00-05:00,14.7,15.0,15.3,51,96.0,98.0,99.0,51,0.0,0.0,0.1,51,0.0,0.0,0.0,51,1.7,2.24,2.7,51,17.0,22.0,26.0,51,14.1,14.6,14.0,95.0,97.0,91.0,0.0,0.2,0.0,0.0,0.0,0.0,1.57,1.8,1.84,23.0,2.0,4.0,8.35,9.23,10.04,51,8.26,7.46,7.56
2026-08-24 07:00:00-05:00,14.9,15.4,15.6,51,93.0,95.0,97.0,51,0.0,0.0,0.1,51,0.0,0.0,0.0,51,1.63,2.06,2.55,51,110.0,125.0,141.0,51,15.7,14.3,14.2,90.0,93.0,89.0,0.0,0.0,0.0,0.0,0.0,0.0,3.54,1.43,2.3,131.0,39.0,143.0,8.55,9.18,10.28,51,8.95,7.47,8.67
2026-08-24 08:00:00-05:00,15.9,16.2,16.4,51,88.0,89.0,91.0,51,0.0,0.1,0.2,51,0.0,0.0,0.0,51,1.92,2.4,2.85,51,225.0,257.0,284.0,51,16.6,16.0,15.9,84.0,83.0,84.0,0.0,0.0,0.0,0.0,0.0,0.0,3.81,2.01,2.51,249.0,307.0,313.0,8.28,8.97,9.89,51,9.24,7.83,8.67
2026-08-24 09:00:00-05:00,16.7,17.3,17.7,51,80.0,83.0,85.0,51,0.0,0.1,0.2,51,0.0,0.0,0.0,51,2.6,3.01,3.49,51,336.0,389.0,433.0,51,18.0,16.5,17.4,76.0,79.0,81.0,0.0,0.1,0.1,0.0,0.0,0.0,4.11,2.82,3.3,501.0,308.0,475.0,7.86,8.41,9.15,51,9.43,8.12,9.44
2026-08-24 10:00:00-05:00,17.5,18.4,18.7,51,73.0,77.0,80.0,51,0.0,0.1,0.2,51,0.0,0.0,0.0,51,2.94,3.44,4.0,51,420.0,474.0,537.0,51,18.9,17.2,18.3,67.0,76.0,78.0,0.0,0.1,0.4,0.0,0.0,0.0,4.78,2.81,3.81,655.0,297.0,559.0,7.37,8.04,8.96,51,9.93,8.02,9.5
2026-08-24 11:00:00-05:00,18.2,19.0,19.4,51,70.0,73.0,77.0,51,0.1,0.2,0.4,51,0.0,0.0,0.0,51,3.08,3.69,4.18,51,400.0,494.0,598.0,51,19.6,18.9,18.8,64.0,70.0,79.0,0.0,0.2,0.5,0.0,0.0,0.0,4.88,4.11,3.86,694.0,718.0,595.0,7.56,8.26,9.39,51,9.55,8.92,9.54
2026-08-24 12:00:00-05:00,18.5,19.2,19.9,51,67.0,72.0,76.0,51,0.1,0.2,0.4,51,0.0,0.0,0.0,51,2.88,3.65,4.22,51,411.0,498.0,651.0,51,19.8,18.8,18.2,65.0,75.0,85.0,0.0,0.7,0.6,0.0,0.0,0.0,3.72,3.81,3.51,650.0,789.0,453.0,7.6,8.84,9.96,51,9.12,8.26,9.54
2026-08-24 13:00:00-05:00,18.6,19.4,20.2,51,66.0,72.0,76.0,51,0.1,0.2,0.4,51,0.0,0.0,0.0,51,2.81,3.51,4.11,51,405.0,493.0,618.0,51,18.4,16.8,18.6,78.0,90.0,78.0,0.0,0.5,0.4,0.0,0.0,0.0,4.53,3.32,2.69,342.0,277.0,523.0,7.68,8.99,10.29,51,8.82,9.59,10.2
2026-08-24 14:00:00-05:00,18.5,19.2,20.1,51,69.0,75.0,80.0,51,0.2,0.6,1.3,51,0.0,0.0,0.0,51,2.45,3.3,3.79,51,386.0,482.0,587.0,51,18.0,18.3,16.1,80.0,82.0,93.0,0.0,0.3,0.9,0.0,0.0,0.0,3.73,2.96,2.75,179.0,437.0,130.0,7.12,8.46,9.71,51,5.6,9.59,9.96
2026-08-24 15:00:00-05:00,17.7,18.8,19.8,51,73.0,79.0,87.0,51,0.2,0.6,1.3,51,0.0,0.0,0.0,51,1.9,2.94,3.57,51,323.0,415.0,519.0,51,17.9,19.3,15.3,80.0,80.0,96.0,0.7,0.7,0.3,0.0,0.0,0.0,3.32,2.69,1.75,216.0,649.0,43.0,6.09,7.43,8.86,51,6.02,8.86,10.9
2026-08-24 16:00:00-05:00,17.1,18.4,19.6,51,76.0,84.0,93.0,51,0.2,0.6,1.3,51,0.0,0.0,0.0,51,1.17,2.53,3.35,51,249.0,331.0,398.0,51,17.3,19.4,15.3,78.0,80.0,95.0,0.0,0.5,0.0,0.0,0.0,0.0,3.06,2.14,1.46,70.0,518.0,50.0,5.25,6.73,8.0,51,6.22,7.78,9.99
2026-08-24 17:00:00-05:00,16.7,17.7,18.8,51,80.0,88.0,96.0,51,0.1,0.4,1.1,51,0.0,0.0,0.0,51,0.99,2.0,2.98,51,154.0,223.0,267.0,51,17.1,18.5,15.5,82.0,87.0,94.0,0.0,0.4,0.0,0.0,0.0,0.0,2.3,1.9,0.85,71.0,329.0,51.0,4.25,5.66,6.98,51,5.85,7.28,9.13
2026-08-24 18:00:00-05:00,16.4,16.9,17.7,51,86.0,93.0,96.0,51,0.1,0.4,1.1,51,0.0,0.0,0.0,51,0.89,1.43,2.14,51,84.0,120.0,158.0,51,17.1,16.7,15.6,85.0,90.0,94.0,0.0,0.5,0.0,0.0,0.0,0.0,2.02,2.08,0.2,80.0,138.0,81.0,3.2,4.59,6.09,51,3.47,6.8,8.59
2026-08-24 19:00:00-05:00,15.9,16.3,16.9,51,90.0,95.0,98.0,51,0.1,0.4,1.1,51,0.0,0.0,0.0,51,0.71,1.12,1.62,51,21.0,30.0,40.0,51,17.0,14.7,14.3,89.0,97.0,97.0,0.0,0.0,0.1,0.0,0.0,0.0,2.37,1.49,2.51,0.0,21.0,2.0,2.25,3.88,5.41,51,3.4,0.78,8.81
2026-08-24 20:00:00-05:00,15.6,16.0,16.3,51,93.0,96.0,98.0,51,0.0,0.0,0.1,51,0.0,0.0,0.0,51,0.54,0.95,1.41,51,0.0,0.0,0.0,51,16.6,14.8,14.3,93.0,98.0,98.0,0.0,0.4,0.0,0.0,0.0,0.0,1.1,1.35,1.87,0.0,0.0,0.0,1.61,3.24,4.44,51,3.76,0.86,9.4
2026-08-24 21:00:00-05:00,15.4,15.8,16.1,51,95.0,97.0,99.0,51,0.0,0.0,0.1,51,0.0,0.0,0.0,51,0.32,0.9,1.4,51,0.0,0.0,0.0,51,16.7,14.8,14.3,93.0,97.0,98.0,0.0,0.4,0.2,0.0,0.0,0.0,1.3,1.39,1.49,0.0,0.0,0.0,1.03,2.59,4.11,51,3.24,2.11,8.29
2026-08-24 22:00:00-05:00,15.2,15.6,15.9,51,95.0,98.0,99.0,51,0.0,0.0,0.1,51,0.0,0.0,0.0,51,0.22,0.78,1.34,51,0.0,0.0,0.0,51,16.2,14.7,14.3,94.0,97.0,98.0,0.0,0.1,0.6,0.0,0.0,0.0,1.1,1.66,1.92,0.0,0.0,0.0,1.12,2.5,4.12,51,1.28,3.14,6.8
2026-08-24 23:00:00-05:00,14.9,15.3,15.6,51,97.0,98.0,99.0,51,0.0,0.0,0.0,51,0.0,0.0,0.0,51,0.22,0.6,1.13,51,0.0,0.0,0.0,51,16.0,14.1,14.0,95.0,98.0,98.0,0.0,0.0,0.7,0.0,0.0,0.0,1.63,1.63,2.6,0.0,0.0,0.0,1.08,2.47,3.98,51,2.5,3.95,5.22
2026-08-25 00:00:00-05:00,14.6,15.0,15.6,51,97.0,99.0,100.0,51,0.0,0.0,0.0,51,0.0,0.0,0.0,51,0.2,0.51,1.06,51,0.0,0.0,0.0,51,15.2,13.2,13.6,94.0,98.0,99.0,0.0,0.0,0.2,0.0,0.0,0.0,1.36,1.49,2.86,0.0,0.0,0.0,1.63,3.06,4.57,51,4.36,4.3,3.74
2026-08-25 01:00:00-05:00,14.2,14.9,15.6,51,98.0,99.0,100.0,51,0.0,0.0,0.0,51,0.0,0.0,0.0,51,0.2,0.63,1.28,51,0.0,0.0,0.0,51,15.9,13.0,13.0,93.0,98.0,98.0,0.0,0.0,0.0,0.0,0.0,0.0,2.75,1.91,3.03,0.0,0.0,0.0,1.81,3.49,5.16,51,4.5,3.97,4.12
2026-08-25 02:00:00-05:00,14.1,14.8,15.4,51,98.0,99.0,100.0,51,0.0,0.0,0.0,51,0.0,0.0,0.0,51,0.32,0.71,1.3,51,0.0,0.0,0.0,51,15.4,12.9,13.0,93.0,97.0,98.0,0.0,0.0,0.1,0.0,0.0,0.0,2.66,1.9,3.06,0.0,0.0,0.0,1.91,3.69,5.1,51,5.12,4.85,3.8
2026-08-25 03:00:00-05:00,14.1,14.8,15.4,51,97.0,99.0,100.0,51,0.0,0.0,0.0,51,0.0,0.0,0.0,51,0.51,0.86,1.3,51,0.0,0.0,0.0,51,14.8,12.4,12.9,95.0,98.0,98.0,0.0,0.0,0.1,0.0,0.0,0.0,2.28,2.02,3.1,0.0,0.0,0.0,2.26,3.84,5.22,51,4.81,5.37,3.13
2026-08-25 04:00:00-05:00,14.2,14.8,15.4,51,97.0,98.0,99.0,51,0.0,0.0,0.0,51,0.0,0.0,0.0,51,0.64,1.06,1.58,51,0.0,0.0,0.0,51,14.6,13.0,12.7,95.0,97.0,98.0,0.0,0.0,0.0,0.0,0.0,0.0,2.3,2.09,3.31,0.0,0.0,0.0,2.75,4.09,5.4,51,3.28,5.32,3.0
2026-08-25 05:00:00-05:00,14.2,14.8,15.4,51,97.0,98.0,99.0,51,0.0,0.0,0.0,51,0.0,0.0,0.0,51,0.85,1.3,1.87,51,0.0,0.0,0.0,51,15.0,12.8,12.7,94.0,98.0,98.0,0.0,0.0,0.0,0.0,0.0,0.0,2.55,2.14,3.4,0.0,0.0,0.0,3.05,4.1,5.17,51,3.4,4.96,3.51
2026-08-25 06:00:00-05:00,14.3,14.8,15.4,51,97.0,99.0,100.0,51,0.0,0.0,0.0,51,0.0,0.0,0.0,51,1.1,1.7,2.34,51,8.0,12.0,17.0,51,15.0,13.0,12.8,93.0,97.0,98.0,0.0,0.0,0.0,0.0,0.0,0.0,2.6,2.16,3.2,14.0,13.0,6.0,3.42,4.03,4.97,51,3.0,3.86,3.98
2026-08-25 07:00:00-05:00,14.7,15.2,15.8,51,95.0,97.0,98.0,51,0.0,0.0,0.0,51,0.0,0.0,0.0,51,1.36,2.09,2.69,51,53.0,76.0,97.0,51,16.1,13.5,12.9,93.0,94.0,98.0,0.0,0.0,0.2,0.0,0.0,0.0,2.81,2.25,2.75,148.0,123.0,4.0,3.35,4.12,5.01,51,2.42,2.64,4.1
2026-08-25 08:00:00-05:00,15.6,16.2,16.7,51,90.0,93.0,95.0,51,0.0,0.1,0.1,51,0.0,0.0,0.0,51,1.5,2.16,2.72,51,112.0,162.0,199.0,51,17.4,15.3,13.8,89.0,89.0,96.0,0.0,0.0,0.0,0.0,0.0,0.0,2.7,2.73,3.09,282.0,309.0,50.0,2.91,3.76,4.46,51,1.92,2.44,4.11
2026-08-25 09:00:00-05:00,16.8,17.4,18.0,51,83.0,88.0,91.0,51,0.0,0.1,0.1,51,0.0,0.0,0.0,51,1.61,2.26,2.83,51,188.0,256.0,311.0,51,18.7,16.9,15.0,83.0,81.0,92.0,0.0,0.0,0.0,0.0,0.0,0.0,2.92,3.13,3.56,473.0,436.0,199.0,2.22,3.09,3.9,51,1.71,2.61,3.82
2026-08-25 10:00:00-05:00,17.9,18.8,19.4,51,77.0,82.0,86.0,51,0.0,0.1,0.1,51,0.0,0.0,0.0,51,1.7,2.38,3.11,51,289.0,382.0,442.0,51,19.2,17.8,15.5,78.0,78.0,89.0,0.0,0.0,0.0,0.0,0.0,0.0,2.96,3.98,3.31,274.0,509.0,173.0,1.97,2.78,3.45,51,1.27,3.55,3.69
2026-08-25 11:00:00-05:00,19.1,19.8,20.5,51,72.0,77.0,81.0,51,0.1,0.2,0.4,51,0.0,0.0,0.0,51,1.71,2.48,3.24,51,389.0,490.0,570.0,51,19.8,18.1,17.2,76.0,77.0,77.0,0.0,0.0,0.0,0.0,0.0,0.0,2.87,4.12,3.97,355.0,452.0,368.0,2.06,2.7,3.34,51,1.08,3.78,3.77
2026-08-25 12:00:00-05:00,20.1,20.8,21.7,51,67.0,72.0,76.0,51,0.1,0.2,0.4,51,0.0,0.0,0.0,51,1.75,2.64,3.39,51,469.0,591.0,660.0,51,19.0,19.3,17.8,79.0,71.0,72.0,0.4,0.0,0.0,0.0,0.0,0.0,3.92,4.48,4.11,122.0,530.0,277.0,2.22,2.76,3.52,51,1.61,3.7,4.22
2026-08-25 13:00:00-05:00,20.6,21.7,22.6,51,63.0,69.0,73.0,51,0.1,0.2,0.4,51,0.0,0.0,0.0,51,1.91,2.76,3.64,51,460.0,616.0,688.0,51,18.3,19.4,20.0,88.0,68.0,63.0,2.5,0.0,0.0,0.0,0.0,0.0,4.27,4.27,4.9,67.0,526.0,621.0,2.01,2.55,3.32,51,2.2,4.16,4.0
2026-08-25 14:00:00-05:00,21.0,22.1,23.1,51,62.0,67.0,72.0,51,0.0,0.2,0.4,51,0.0,0.0,0.0,51,2.15,2.83,3.76,51,477.0,599.0,667.0,51,18.9,19.6,20.2,84.0,66.0,63.0,0.0,0.0,0.0,0.0,0.0,0.0,1.79,4.02,4.68,131.0,437.0,698.0,1.63,2.22,2.94,51,2.78,3.44,3.91
2026-08-25 15:00:00-05:00,21.2,22.2,23.3,51,60.0,67.0,72.0,51,0.0,0.2,0.4,51,0.0,0.0,0.0,51,2.19,3.05,3.82,51,423.0,535.0,594.0,51,20.0,19.4,20.0,80.0,66.0,64.0,0.0,0.0,0.0,0.0,0.0,0.0,4.2,3.8,4.52,535.0,283.0,423.0,1.12,1.84,2.48,51,3.98,3.07,2.92
2026-08-25 16:00:00-05:00,21.0,21.9,23.0,51,62.0,68.0,75.0,51,0.0,0.2,0.4,51,0.0,0.0,0.0,51,2.25,3.05,3.89,51,340.0,427.0,467.0,51,19.6,18.4,20.0,79.0,73.0,63.0,0.0,0.0,0.0,0.0,0.0,0.0,3.31,3.7,4.28,337.0,141.0,378.0,0.86,1.41,2.62,51,5.96,4.6,2.86
2026-08-25 17:00:00-05:00,20.2,21.0,21.8,51,68.0,74.0,80.0,51,0.0,0.0,0.1,51,0.0,0.0,0.0,51,1.99,2.66,3.45,51,252.0,298.0,317.0,51,20.0,18.3,19.7,77.0,73.0,64.0,0.0,0.0,0.0,0.0,0.0,0.0,2.67,3.26,3.7,330.0,144.0,312.0,0.73,1.36,2.79,51,7.24,6.19,4.36
2026-08-25 18:00:00-05:00,19.2,19.8,20.3,51,77.0,81.0,85.0,51,0.0,0.0,0.1,51,0.0,0.0,0.0,51,1.43,2.26,2.77,51,146.0,165.0,178.0,51,19.0,17.8,18.4,80.0,73.0,70.0,0.0,0.0,0.0,0.0,0.0,0.0,2.73,2.77,3.62,149.0,77.0,171.0,0.86,2.02,3.31,51,7.17,7.17,7.08
2026-08-25 19:00:00-05:00,18.2,18.7,19.0,51,84.0,87.0,90.0,51,0.0,0.0,0.1,51,0.0,0.0,0.0,51,1.14,1.87,2.63,51,36.0,40.0,44.0,51,17.9,15.8,16.4,82.0,94.0,76.0,0.0,0.0,0.0,0.0,0.0,0.0,2.0,2.35,2.6,0.0,25.0,28.0,1.41,2.44,3.94,51,7.34,6.17,6.91
2026-08-25 20:00:00-05:00,17.5,17.9,18.4,51,86.0,89.0,93.0,51,0.0,0.0,0.0,51,0.0,0.0,0.0,51,1.28,1.99,2.59,51,0.0,0.0,0.0,51,16.8,15.0,15.4,87.0,96.0,80.0,0.0,0.0,0.0,0.0,0.0,0.0,2.21,2.2,2.69,0.0,0.0,0.0,1.3,2.55,3.94,51,6.67,5.57,6.08
2026-08-25 21:00:00-05:00,16.7,17.4,17.9,51,86.0,89.0,93.0,51,0.0,0.0,0.0,51,0.0,0.0,0.0,51,1.49,2.21,2.86,51,0.0,0.0,0.0,51,16.3,14.4,14.7,89.0,95.0,87.0,0.0,0.0,0.0,0.0,0.0,0.0,2.16,2.08,2.5,0.0,0.0,0.0,1.0,2.61,3.92,51,5.51,5.05,5.95
2026-08-25 22:00:00-05:00,16.1,16.9,17.3,51,87.0,90.0,93.0,51,0.0,0.0,0.0,51,0.0,0.0,0.0,51,1.65,2.28,3.12,51,0.0,0.0,0.0,51,15.8,13.8,14.2,90.0,94.0,91.0,0.0,0.0,0.0,0.0,0.0,0.0,1.8,2.14,2.53,0.0,0.0,0.0,0.92,2.53,4.08,51,5.5,5.41,5.14
2026-08-25 23:00:00-05:00,15.5,16.4,16.9,51,88.0,90.0,93.0,51,0.0,0.0,0.0,51,0.0,0.0,0.0,51,1.66,2.16,3.02,51,0.0,0.0,0.0,51,15.3,13.1,13.8,91.0,95.0,92.0,0.0,0.0,0.0,0.0,0.0,0.0,1.9,2.42,2.33,0.0,0.0,0.0,1.08,2.62,4.12,51,5.96,5.32,5.47
2026-08-26 00:00:00-05:00,15.1,16.0,16.4,51,88.0,90.0,94.0,51,0.0,0.0,0.0,51,0.0,0.0,0.0,51,1.44,1.98,2.69,51,0.0,0.0,0.0,51,14.8,12.8,13.5,90.0,94.0,92.0,0.0,0.0,0.0,0.0,0.0,0.0,1.97,2.12,2.15,0.0,0.0,0.0,1.5,2.93,4.74,51,5.97,5.33,5.99
2026-08-26 01:00:00-05:00,14.8,15.6,16.1,51,88.0,91.0,95.0,51,0.0,0.0,0.0,51,0.0,0.0,0.0,51,1.36,1.86,2.48,51,0.0,0.0,0.0,51,14.6,13.1,13.3,92.0,92.0,90.0,0.0,0.0,0.0,0.0,0.0,0.0,1.71,2.06,1.88,0.0,0.0,0.0,1.9,3.63,5.3,51,5.37,5.27,4.67
2026-08-26 02:00:00-05:00,14.4,15.0,15.5,51,90.0,92.0,96.0,51,0.0,0.0,0.0,51,0.0,0.0,0.0,51,1.33,1.78,2.33,51,0.0,0.0,0.0,51,14.2,12.8,13.1,92.0,92.0,90.0,0.0,0.0,0.0,0.0,0.0,0.0,1.84,2.15,2.0,0.0,0.0,0.0,2.4,4.41,5.55,51,5.04,4.97,4.17
2026-08-26 03:00:00-05:00,14.0,14.5,15.0,51,90.0,93.0,96.0,51,0.0,0.0,0.0,51,0.0,0.0,0.0,51,1.28,1.7,2.33,51,0.0,0.0,0.0,51,13.9,12.5,12.8,92.0,92.0,92.0,0.0,0.0,0.0,0.0,0.0,0.0,1.66,1.79,2.31,0.0,0.0,0.0,3.04,5.26,5.82,51,4.88,4.6,4.55
2026-08-26 04:00:00-05:00,13.9,14.4,14.9,51,91.0,94.0,97.0,51,0.0,0.0,0.0,51,0.0,0.0,0.0,51,1.2,1.63,2.28,51,0.0,0.0,0.0,51,13.6,12.3,12.6,92.0,92.0,93.0,0.0,0.0,0.0,0.0,0.0,0.0,1.7,1.9,2.06,0.0,0.0,0.0,4.14,5.72,6.48,51,5.16,4.78,5.28
2026-08-26 05:00:00-05:00,14.2,14.7,15.3,51,92.0,94.0,97.0,51,0.0,0.0,0.0,51,0.0,0.0,0.0,51,1.08,1.42,2.02,51,0.0,0.0,0.0,51,13.4,12.1,12.5,92.0,92.0,93.0,0.0,0.0,0.0,0.0,0.0,0.0,1.75,1.75,1.8,0.0,0.0,0.0,4.61,5.75,6.76,51,5.11,5.46,5.91
2026-08-26 06:00:00-05:00,14.9,15.5,16.0,51,91.0,93.0,96.0,51,0.0,0.0,0.0,51,0.0,0.0,0.0,51,0.92,1.3,1.84,51,20.0,24.0,25.0,51,13.6,12.5,12.9,93.0,91.0,93.0,0.0,0.0,0.0,0.0,0.0,0.0,1.42,1.36,1.92,15.0,16.0,16.0,4.69,5.8,6.68,51,5.63,6.82,6.31
2026-08-26 07:00:00-05:00,15.9,16.6,17.1,51,89.0,91.0,94.0,51,0.0,0.0,0.0,51,0.0,0.0,0.0,51,0.71,1.04,1.56,51,130.0,150.0,154.0,51,15.4,14.5,15.0,96.0,88.0,84.0,0.0,0.0,0.0,0.0,0.0,0.0,0.3,1.41,1.61,161.0,141.0,135.0,4.84,5.78,6.85,51,5.51,5.75,5.94
2026-08-26 08:00:00-05:00,17.6,18.2,18.7,51,84.0,86.0,88.0,51,0.0,0.0,0.0,51,0.0,0.0,0.0,51,0.5,0.76,1.2,51,273.0,315.0,323.0,51,17.3,16.1,17.0,89.0,83.0,77.0,0.0,0.0,0.0,0.0,0.0,0.0,0.5,1.61,1.8,313.0,280.0,299.0,5.02,5.88,6.62,51,5.42,5.33,5.37
2026-08-26 09:00:00-05:00,19.5,20.2,20.6,51,75.0,78.0,81.0,51,0.0,0.0,0.0,51,0.0,0.0,0.0,51,0.57,0.89,1.22,51,434.0,484.0,495.0,51,18.9,17.9,18.9,84.0,77.0,72.0,0.0,0.0,0.0,0.0,0.0,0.0,0.22,1.68,2.16,444.0,418.0,490.0,5.23,6.09,6.68,51,5.87,6.04,6.18
2026-08-26 10:00:00-05:00,21.0,21.8,22.2,51,68.0,71.0,74.0,51,0.0,0.0,0.0,51,0.0,0.0,0.0,51,0.95,1.28,1.71,51,536.0,611.0,634.0,51,20.3,19.6,20.7,79.0,73.0,67.0,0.0,0.0,0.0,0.0,0.0,0.0,1.7,1.88,2.27,581.0,586.0,638.0,5.44,6.18,6.88,51,6.42,7.06,6.76
2026-08-26 11:00:00-05:00,22.0,22.8,23.2,51,62.0,66.0,68.0,51,0.0,0.0,0.0,51,0.0,0.0,0.0,51,1.36,1.7,2.12,51,602.0,690.0,736.0,51,21.2,21.0,22.0,74.0,69.0,63.0,0.0,0.0,0.0,0.0,0.0,0.0,2.1,2.08,2.56,679.0,709.0,745.0,5.69,6.39,7.09,51,7.5,7.54,6.96
2026-08-26 12:00:00-05:00,22.6,23.3,23.8,51,58.0,61.0,65.0,51,0.0,0.0,0.0,51,0.0,0.0,0.0,51,1.78,2.11,2.66,51,601.0,723.0,775.0,51,21.9,22.3,22.6,70.0,66.0,61.0,0.0,0.0,0.0,0.0,0.0,0.0,1.91,2.0,2.62,705.0,797.0,749.0,5.82,6.58,7.41,51,8.19,8.1,7.98
2026-08-26 13:00:00-05:00,22.9,23.8,24.4,51,54.0,57.0,62.0,51,0.0,0.0,0.0,51,0.0,0.0,0.0,51,2.04,2.42,3.0,51,594.0,694.0,756.0,51,22.5,23.0,23.2,66.0,60.0,59.0,0.0,0.0,0.0,0.0,0.0,0.0,2.5,1.92,1.77,682.0,804.0,804.0,5.89,6.69,7.62,51,8.43,8.43,8.37
2026-08-26 14:00:00-05:00,23.3,24.2,24.8,51,52.0,56.0,59.0,51,0.0,0.0,0.0,51,0.0,0.0,0.0,51,2.11,2.51,3.0,51,510.0,608.0,700.0,51,23.1,23.3,23.9,60.0,59.0,57.0,0.0,0.0,0.0,0.0,0.0,0.0,2.63,1.9,1.36,720.0,741.0,753.0,6.11,6.8,7.67,51,8.32,8.32,8.41
2026-08-26 15:00:00-05:00,23.6,24.4,24.9,51,52.0,56.0,59.0,51,0.0,0.0,0.0,51,0.0,0.0,0.0,51,2.09,2.6,2.94,51,405.0,509.0,602.0,51,23.3,23.6,24.4,58.0,58.0,55.0,0.0,0.0,0.0,0.0,0.0,0.0,2.89,1.8,1.2,629.0,653.0,651.0,6.07,6.72,7.87,51,8.2,8.2,8.65
2026-08-26 16:00:00-05:00,23.4,24.1,24.7,51,54.0,58.0,61.0,51,0.0,0.0,0.0,51,0.0,0.0,0.0,51,2.12,2.66,2.98,51,330.0,406.0,470.0,51,23.1,23.5,24.5,57.0,62.0,55.0,0.0,0.0,0.0,0.0,0.0,0.0,2.1,2.5,1.78,508.0,511.0,510.0,6.0,6.83,8.13,51,7.97,7.97,7.92
2026-08-26 17:00:00-05:00,22.4,23.1,23.6,51,61.0,63.0,67.0,51,0.0,0.0,0.0,51,0.0,0.0,0.0,51,2.22,2.67,3.01,51,238.0,291.0,320.0,51,22.2,22.5,23.5,68.0,71.0,66.0,0.0,0.0,0.0,0.0,0.0,0.0,2.73,2.82,2.64,331.3,341.0,336.0,6.17,7.13,8.48,51,7.78,7.78,8.35
2026-08-26 18:00:00-05:00,21.1,21.6,22.0,51,69.0,72.0,76.0,51,0.0,0.0,0.0,51,0.0,0.0,0.0,51,2.3,2.72,3.13,51,128.0,166.0,180.0,51,20.6,20.6,21.1,77.0,80.0,75.0,0.0,0.0,0.1,0.0,0.0,0.0,2.44,2.6,3.51,152.0,163.0,143.0,6.22,7.57,9.44,51,7.68,7.68,7.74
2026-08-26 19:00:00-05:00,19.8,20.3,20.6,51,75.0,79.0,84.0,51,0.0,0.0,0.0,51,0.0,0.0,0.0,51,2.2,2.6,3.14,51,29.0,39.0,42.0,51,18.7,18.6,19.0,85.0,86.0,78.0,0.0,0.0,0.0,0.0,0.0,0.0,2.21,2.22,2.75,18.8,25.0,25.0,6.31,7.81,10.15,51,8.83,8.83,7.75
2026-08-26 20:00:00-05:00,18.9,19.3,19.6,51,81.0,83.0,88.0,51,0.0,0.0,0.0,51,0.0,0.0,0.0,51,1.9,2.22,2.82,51,0.0,0.0,0.0,51,17.9,17.9,18.3,87.0,87.0,81.0,0.0,0.0,0.0,0.0,0.0,0.0,2.15,2.15,2.28,0.0,0.0,0.0,6.15,8.02,9.92,51,9.4,9.4,9.4
2026-08-26 21:00:00-05:00,18.1,18.6,18.8,51,83.0,86.0,91.0,51,0.0,0.0,0.0,51,0.0,0.0,0.0,51,1.41,1.81,2.4,51,0.0,0.0,0.0,51,17.4,17.4,17.2,85.0,85.0,82.0,0.0,0.0,0.0,0.0,0.0,0.0,1.92,1.92,1.92,0.0,0.0,0.0,6.63,8.51,10.31,51,9.22,9.22,9.65
2026-08-26 22:00:00-05:00,17.4,17.9,18.2,51,85.0,88.0,93.0,51,0.0,0.0,0.0,51,0.0,0.0,0.0,51,1.06,1.51,2.04,51,0.0,0.0,0.0,51,16.7,16.7,16.3,87.0,87.0,82.0,0.0,0.0,0.0,0.0,0.0,0.0,2.19,2.19,1.8,0.0,0.0,0.0,6.64,8.78,10.26,51,8.68,8.68,9.75
2026-08-26 23:00:00-05:00,16.9,17.3,17.8,51,87.0,90.0,94.0,51,0.0,0.0,0.0,51,0.0,0.0,0.0,51,1.08,1.36,1.9,51,0.0,0.0,0.0,51,15.9,15.9,15.2,88.0,88.0,86.0,0.0,0.0,0.0,0.0,0.0,0.0,2.13,2.13,1.64,0.0,0.0,0.0,6.62,8.26,9.38,51,8.22,8.22,8.88
2026-08-27 00:00:00-05:00,16.5,17.1,17.5,51,88.0,91.0,95.0,51,0.0,0.0,0.0,51,0.0,0.0,0.0,51,1.21,1.64,2.1,51,0.0,0.0,0.0,51,15.4,15.4,14.6,89.0,89.0,88.0,0.0,0.0,0.0,0.0,0.0,0.0,1.97,1.97,1.63,0.0,0.0,0.0,6.32,7.56,9.24,51,7.41,7.41,8.34
2026-08-27 01:00:00-05:00,16.2,16.8,17.3,51,89.0,92.0,96.0,51,0.0,0.0,0.0,51,0.0,0.0,0.0,51,1.36,1.87,2.38,51,0.0,0.0,0.0,51,14.9,14.9,15.4,90.0,90.0,90.0,0.0,0.0,0.0,0.0,0.0,0.0,1.82,1.82,2.16,0.0,0.0,0.0,6.22,7.14,9.11,51,7.74,7.74,9.4
2026-08-27 02:00:00-05:00,15.9,16.4,17.0,51,90.0,93.0,96.0,51,0.0,0.0,0.0,51,0.0,0.0,0.0,51,1.6,2.04,2.33,51,0.0,0.0,0.0,51,14.7,14.7,15.1,92.0,92.0,91.0,0.0,0.0,0.0,0.0,0.0,0.0,2.3,2.3,2.32,0.0,0.0,0.0,6.02,6.83,8.5,51,7.14,7.14,9.17
2026-08-27 03:00:00-05:00,15.6,16.1,16.9,51,90.0,94.0,97.0,51,0.0,0.0,0.0,51,0.0,0.0,0.0,51,1.62,2.01,2.41,51,0.0,0.0,0.0,51,14.5,14.5,14.8,92.0,92.0,92.0,0.0,0.0,0.0,0.0,0.0,0.0,2.3,2.3,2.31,0.0,0.0,0.0,5.81,6.52,8.16,51,8.91,8.91,10.04
2026-08-27 04:00:00-05:00,15.5,16.1,16.8,51,90.0,93.0,96.0,51,0.0,0.0,0.0,51,0.0,0.0,0.0,51,1.6,2.02,2.6,51,0.0,0.0,0.0,51,14.4,14.4,14.6,91.0,91.0,91.0,0.0,0.0,0.0,0.0,0.0,0.0,2.3,2.3,2.22,0.0,0.0,0.0,5.5,6.3,8.04,51,7.52,7.52,8.64
2026-08-27 05:00:00-05:00,15.8,16.4,17.1,51,89.0,93.0,95.0,51,0.0,0.0,0.0,51,0.0,0.0,0.0,51,1.8,2.11,2.6,51,0.0,0.0,0.0,51,14.2,14.2,14.6,91.0,91.0,89.0,0.0,0.0,0.0,0.0,0.0,0.0,2.3,2.3,2.11,0.0,0.0,0.0,4.98,5.87,7.75,51,7.55,7.55,7.65
2026-08-27 06:00:00-05:00,16.3,17.0,18.0,51,88.0,91.0,95.0,51,0.0,0.0,0.0,51,0.0,0.0,0.0,51,1.91,2.21,2.62,51,15.0,20.0,22.0,51,14.6,14.6,15.0,89.0,89.0,87.0,0.0,0.0,0.0,0.0,0.0,0.0,2.2,2.2,2.47,13.0,13.0,12.0,4.21,5.63,7.3,51,8.01,8.01,6.5
2026-08-27 07:00:00-05:00,17.2,17.9,18.7,51,87.0,89.0,93.0,51,0.0,0.0,0.0,51,0.0,0.0,0.0,51,1.84,2.22,2.53,51,103.0,130.0,142.0,51,16.2,16.2,16.6,84.0,84.0,84.0,0.0,0.0,0.0,0.0,0.0,0.0,2.21,2.21,2.18,97.0,97.0,121.0,3.94,5.3,6.77,51,7.11,7.11,6.93
2026-08-27 08:00:00-05:00,18.8,19.3,20.1,51,82.0,85.0,90.0,51,0.0,0.0,0.6,51,0.0,0.0,0.0,51,1.72,2.25,2.8,51,199.0,272.0,305.0,51,18.2,18.2,17.0,79.0,79.0,84.0,0.0,0.0,0.0,0.0,0.0,0.0,2.41,2.41,2.15,224.0,224.0,46.0,3.4,4.75,6.02,51,6.4,6.4,5.3
2026-08-27 09:00:00-05:00,20.0,21.3,22.1,51,76.0,79.0,90.0,51,0.0,0.0,0.6,51,0.0,0.0,0.0,51,2.19,2.69,3.81,51,301.0,415.0,467.0,51,17.6,17.6,19.6,90.0,90.0,83.0,0.1,0.1,0.0,0.0,0.0,0.0,2.34,2.34,3.11,52.0,52.0,257.0,2.86,4.46,5.7,51,5.73,5.73,5.22
2026-08-27 10:00:00-05:00,20.8,22.8,23.6,51,73.0,76.0,90.0,51,0.0,0.0,0.6,51,0.0,0.0,0.0,51,2.44,3.4,4.7,51,361.0,488.0,562.0,51,17.8,17.8,18.6,94.0,94.0,94.0,0.1,0.1,0.5,0.0,0.0,0.0,2.26,2.26,2.28,41.0,41.0,104.0,2.25,4.25,5.79,51,5.36,5.36,4.88
2026-08-27 11:00:00-05:00,21.2,22.9,23.9,51,71.0,79.0,90.0,51,0.3,1.1,3.1,51,0.0,0.0,0.0,51,2.33,3.47,5.12,51,385.0,497.0,641.0,51,21.6,21.6,18.5,81.0,81.0,97.0,0.1,0.1,1.0,0.0,0.0,0.0,3.92,3.92,1.7,460.0,460.0,94.0,2.53,4.25,5.82,51,5.38,5.38,4.66
2026-08-27 12:00:00-05:00,21.0,22.5,24.3,51,75.0,85.0,91.0,51,0.3,1.1,3.1,51,0.0,0.0,0.0,51,2.12,3.53,5.37,51,360.0,504.0,660.0,51,20.3,20.3,20.8,91.0,91.0,91.0,0.5,0.5,0.2,0.0,0.0,0.0,2.82,2.82,2.92,172.0,172.0,340.0,3.23,4.61,5.92,51,5.46,5.46,4.55
2026-08-27 13:00:00-05:00,20.4,22.1,24.5,51,74.0,87.0,95.0,51,0.3,1.1,3.1,51,0.0,0.0,0.0,51,1.6,3.54,5.61,51,361.0,481.0,609.0,51,20.7,20.7,20.7,91.0,91.0,91.0,0.1,0.1,0.1,0.0,0.0,0.0,1.8,1.8,1.8,137.0,137.0,137.0,3.34,4.79,5.9,51,5.42,5.42,5.42
2026-08-27 14:00:00-05:00,20.7,22.0,24.3,51,76.0,88.0,95.0,51,0.3,1.1,2.3,51,0.0,0.0,0.0,51,2.06,3.3,5.2,51,357.0,446.0,553.0,51,23.8,23.8,23.8,81.0,81.0,81.0,0.7,0.7,0.7,0.0,0.0,0.0,2.85,2.85,2.85,534.0,534.0,534.0,3.3,4.6,5.78,51,5.06,5.06,5.06
2026-08-27 15:00:00-05:00,20.7,22.0,23.6,51,80.0,89.0,94.0,51,0.3,1.1,2.3,51,0.0,0.0,0.0,51,2.12,3.22,4.55,51,307.0,389.0,493.0,51,23.4,23.4,23.4,86.0,86.0,86.0,1.2,1.2,1.2,0.0,0.0,0.0,4.1,4.1,4.1,534.0,534.0,534.0,2.86,4.27,6.05,51,4.92,4.92,4.92
2026-08-27 16:00:00-05:00,20.4,21.7,23.2,51,82.0,91.0,95.0,51,0.3,1.1,2.3,51,0.0,0.0,0.0,51,1.84,2.88,4.52,51,252.0,304.0,387.0,51,22.8,22.8,22.8,88.0,88.0,88.0,1.3,1.3,1.3,0.0,0.0,0.0,3.52,3.52,3.52,413.0,413.0,413.0,2.51,3.92,6.23,51,4.08,4.08,4.08
2026-08-27 17:00:00-05:00,20.0,21.0,22.3,51,85.0,93.0,97.0,51,0.1,0.4,1.3,51,0.0,0.0,0.0,51,1.35,2.56,4.02,51,169.0,220.0,259.0,51,21.4,21.4,21.4,91.0,91.0,91.0,1.3,1.3,1.3,0.0,0.0,0.0,3.8,3.8,3.8,145.0,145.0,145.0,2.01,3.64,6.16,51,3.61,3.61,3.61
2026-08-27 18:00:00-05:00,19.4,20.3,21.2,51,88.0,94.0,98.0,51,0.1,0.4,1.3,51,0.0,0.0,0.0,51,1.35,2.24,3.47,51,87.0,123.0,154.0,51,20.8,20.8,20.8,89.0,89.0,89.0,3.3,3.3,3.3,0.0,0.0,0.0,5.24,5.24,5.24,119.0,119.0,119.0,1.66,3.7,6.07,51,5.69,5.69,5.69
